,Stock,Date,High,Low,Volume,Close
0,AKBNK,2013-07-29 00:00:00,6.587628,6.321998,99490628.086,6.569919
1,AKBNK,2013-07-30 00:00:00,6.817841,6.640753,115894143.8721,6.782423
2,AKBNK,2013-07-31 00:00:00,6.817841,6.55221,153041926.7313,6.587628
3,AKBNK,2013-08-01 00:00:00,6.711589,6.55221,104304869.5602,6.55221
4,AKBNK,2013-08-02 00:00:00,6.534501,6.304289,228612166.7098,6.499084
5,AKBNK,2013-08-05 00:00:00,6.569919,6.445958,98938719.6671,6.463667
6,AKBNK,2013-08-06 00:00:00,6.499084,6.375124,61453861.4203,6.375124
7,AKBNK,2013-08-07 00:00:00,6.392832,6.304289,26300653.8768,6.304289
8,AKBNK,2013-08-12 00:00:00,6.605336,6.357415,111864083.7576,6.605336
9,AKBNK,2013-08-13 00:00:00,6.747005,6.587628,128376843.9421,6.640753
10,AKBNK,2013-08-14 00:00:00,6.729297,6.623045,93937214.4083,6.658463
11,AKBNK,2013-08-15 00:00:00,6.747005,6.481376,109002933.8166,6.516793
12,AKBNK,2013-08-16 00:00:00,6.605336,6.445958,66308992.2436,6.587628
13,AKBNK,2013-08-19 00:00:00,6.481376,6.28658,111139098.3787,6.28658
14,AKBNK,2013-08-20 00:00:00,6.321998,6.180328,139511600.0805,6.268872
15,AKBNK,2013-08-21 00:00:00,6.304289,6.091784,155416829.1771,6.091784
16,AKBNK,2013-08-22 00:00:00,6.038658,5.808446,185684956.0407,5.914698
17,AKBNK,2013-08-23 00:00:00,6.074076,5.896989,199389403.7449,5.967824
18,AKBNK,2013-08-26 00:00:00,6.109494,5.87928,121034471.3857,6.091784
19,AKBNK,2013-08-27 00:00:00,5.985532,5.790737,162333494.4056,5.790737
20,AKBNK,2013-08-28 00:00:00,6.056368,5.666777,185227978.6387,6.003242
21,AKBNK,2013-08-29 00:00:00,6.215746,5.985532,164127308.463,6.003242
22,AKBNK,2013-09-02 00:00:00,6.251163,6.14491,79827855.917,6.233454
23,AKBNK,2013-09-03 00:00:00,6.251163,6.003242,156491971.3138,6.02095
24,AKBNK,2013-09-04 00:00:00,6.14491,6.003242,128342392.6904,6.074076
25,AKBNK,2013-09-05 00:00:00,6.127202,6.003242,104440004.4103,6.038658
26,AKBNK,2013-09-06 00:00:00,6.28658,6.038659,160056492.6463,6.127202
27,AKBNK,2013-09-09 00:00:00,6.463667,6.180328,151564739.472,6.463667
28,AKBNK,2013-09-10 00:00:00,6.605336,6.481375,210043657.2558,6.55221
29,AKBNK,2013-09-11 00:00:00,6.569919,6.428249,227775885.1785,6.445958
30,AKBNK,2013-09-12 00:00:00,6.587628,6.410541,170030134.898,6.587628
31,AKBNK,2013-09-13 00:00:00,6.587628,6.428249,123497648.1529,6.463667
32,AKBNK,2013-09-16 00:00:00,6.888675,6.587628,194273368.4241,6.853257
33,AKBNK,2013-09-17 00:00:00,6.977219,6.817841,153961436.6113,6.977219
34,AKBNK,2013-09-18 00:00:00,7.048053,6.924093,107419009.4055,6.941801
35,AKBNK,2013-09-19 00:00:00,7.774109,7.384518,405924901.9664,7.61473
36,AKBNK,2013-09-20 00:00:00,7.61473,7.242849,184213000.8341,7.313683
37,AKBNK,2013-09-23 00:00:00,7.384518,7.136597,147229527.0419,7.136597
38,AKBNK,2013-09-24 00:00:00,7.207431,7.048053,204203264.59,7.048053
39,AKBNK,2013-09-25 00:00:00,7.030345,6.888675,214176385.6531,6.977219
40,AKBNK,2013-09-26 00:00:00,7.030345,6.888675,118206547.3965,6.977219
41,AKBNK,2013-09-27 00:00:00,6.994927,6.729297,163110652.8221,6.764715
42,AKBNK,2013-09-30 00:00:00,6.711589,6.481376,303241327.5041,6.587628
43,AKBNK,2013-10-01 00:00:00,6.888675,6.640753,195935496.304,6.853257
44,AKBNK,2013-10-02 00:00:00,6.888675,6.640753,202415593.3308,6.676171
45,AKBNK,2013-10-03 00:00:00,6.835549,6.640753,165917611.5282,6.817841
46,AKBNK,2013-10-04 00:00:00,6.835549,6.711589,113623168.5219,6.782423
47,AKBNK,2013-10-07 00:00:00,6.782423,6.640753,105684995.35,6.676171
48,AKBNK,2013-10-08 00:00:00,6.747005,6.587628,146649912.2731,6.605336
49,AKBNK,2013-10-09 00:00:00,6.605336,6.428249,196168368.472,6.587628
50,AKBNK,2013-10-10 00:00:00,6.764715,6.587628,178193647.2325,6.729297
51,AKBNK,2013-10-11 00:00:00,6.817841,6.747005,56234882.6953,6.764715
52,AKBNK,2013-10-14 00:00:00,6.782423,6.693879,18184100.8236,6.764715
53,AKBNK,2013-10-21 00:00:00,7.136597,6.959509,128895142.9037,7.136597
54,AKBNK,2013-10-22 00:00:00,7.278266,7.065762,222900744.0005,7.260557
55,AKBNK,2013-10-23 00:00:00,7.295975,7.136597,143269340.6583,7.136597
56,AKBNK,2013-10-24 00:00:00,7.207431,7.065762,116662261.148,7.065762
57,AKBNK,2013-10-25 00:00:00,7.083471,6.959509,113407076.634,7.065762
58,AKBNK,2013-10-28 01:00:00,7.172014,7.118888,40107355.6342,7.172014
59,AKBNK,2013-10-30 01:00:00,7.260557,7.083471,147149460.6955,7.101179
60,AKBNK,2013-10-31 01:00:00,7.048053,6.870967,148530026.5578,6.941801
61,AKBNK,2013-11-01 01:00:00,6.959509,6.693879,158914368.031,6.693879
62,AKBNK,2013-11-04 01:00:00,6.764715,6.605336,161951833.6353,6.605336
63,AKBNK,2013-11-05 01:00:00,6.693879,6.357415,205372520.8771,6.357415
64,AKBNK,2013-11-06 01:00:00,6.55221,6.339706,148172079.8458,6.55221
65,AKBNK,2013-11-07 01:00:00,6.676171,6.499084,206007347.9641,6.569919
66,AKBNK,2013-11-08 01:00:00,6.55221,6.321998,167557196.0,6.339706
67,AKBNK,2013-11-11 01:00:00,6.410541,6.14491,177038033.1924,6.16262
68,AKBNK,2013-11-12 01:00:00,6.233454,6.074076,177119587.5399,6.127202
69,AKBNK,2013-11-13 01:00:00,6.251163,6.038658,258012185.8851,6.251163
70,AKBNK,2013-11-14 01:00:00,6.481376,6.357415,165651341.7896,6.428249
71,AKBNK,2013-11-15 01:00:00,6.569919,6.445958,142281607.0795,6.445958
72,AKBNK,2013-11-18 01:00:00,6.676171,6.463667,142216029.5683,6.640753
73,AKBNK,2013-11-19 01:00:00,6.623045,6.463667,119209730.4916,6.499084
74,AKBNK,2013-11-20 01:00:00,6.55221,6.375124,174572107.65,6.534501
75,AKBNK,2013-11-21 01:00:00,6.534501,6.410541,219670377.0817,6.499084
76,AKBNK,2013-11-22 01:00:00,6.605336,6.534501,145466879.5122,6.55221
77,AKBNK,2013-11-25 01:00:00,6.729297,6.623045,86982223.5645,6.623045
78,AKBNK,2013-11-26 01:00:00,6.623045,6.516793,103479333.8511,6.516793
79,AKBNK,2013-11-27 01:00:00,6.534501,6.428249,100171282.1545,6.428249
80,AKBNK,2013-11-28 01:00:00,6.481376,6.410541,69004188.8381,6.463667
81,AKBNK,2013-11-29 01:00:00,6.55221,6.445958,85984003.9885,6.55221
82,AKBNK,2013-12-02 01:00:00,6.605336,6.392832,92330440.7436,6.392832
83,AKBNK,2013-12-03 01:00:00,6.445958,6.215746,143535578.7576,6.251163
84,AKBNK,2013-12-04 01:00:00,6.321998,6.16262,164047881.6119,6.268872
85,AKBNK,2013-12-05 01:00:00,6.268872,6.14491,107443992.8668,6.14491
86,AKBNK,2013-12-06 01:00:00,6.321998,6.109494,134106355.6438,6.304289
87,AKBNK,2013-12-09 01:00:00,6.375124,6.268872,82899064.2467,6.268872
88,AKBNK,2013-12-10 01:00:00,6.321998,6.215746,92664804.7478,6.268872
89,AKBNK,2013-12-11 01:00:00,6.375124,6.180328,96595782.399,6.215746
90,AKBNK,2013-12-12 01:00:00,6.28658,6.127202,117594381.6454,6.16262
91,AKBNK,2013-12-13 01:00:00,6.268872,6.198036,101452515.3162,6.233454
92,AKBNK,2013-12-16 01:00:00,6.357415,6.198036,85935788.7269,6.321998
93,AKBNK,2013-12-17 01:00:00,6.268872,5.950116,137644142.4339,6.056368
94,AKBNK,2013-12-18 01:00:00,6.180328,5.826154,184761418.3948,6.127202
95,AKBNK,2013-12-19 01:00:00,6.233454,5.914698,268875231.3017,6.038658
96,AKBNK,2013-12-20 01:00:00,6.28658,6.038658,123606415.0871,6.28658
97,AKBNK,2013-12-23 01:00:00,6.321998,6.056368,86419600.0038,6.056368
98,AKBNK,2013-12-24 01:00:00,6.215746,6.056368,75155993.7105,6.16262
99,AKBNK,2013-12-25 01:00:00,6.268872,5.896989,59970308.0507,5.896989
100,AKBNK,2013-12-26 01:00:00,5.967824,5.578233,129506091.025,5.578233
101,AKBNK,2013-12-27 01:00:00,5.560525,5.312603,218604128.436,5.418855
102,AKBNK,2013-12-30 01:00:00,5.790737,5.489689,174584422.9681,5.790737
103,AKBNK,2013-12-31 01:00:00,5.950116,5.631359,137039194.2551,5.932406
104,AKBNK,2014-01-02 01:00:00,5.861572,5.702194,140175785.4671,5.808446
105,AKBNK,2014-01-03 01:00:00,5.852718,5.640213,125791071.9936,5.711048
106,AKBNK,2014-01-06 01:00:00,6.091784,5.684485,133818298.0029,6.02095
107,AKBNK,2014-01-07 01:00:00,6.127202,5.95897,143645366.775,6.08293
108,AKBNK,2014-01-08 01:00:00,6.109494,5.888135,138395579.1411,5.888135
109,AKBNK,2014-01-09 01:00:00,5.835009,5.773028,65420758.1902,5.781883
110,AKBNK,2014-01-10 01:00:00,5.932406,5.790737,102456172.0405,5.923552
111,AKBNK,2014-01-13 01:00:00,6.003242,5.914698,79462469.1997,5.923552
112,AKBNK,2014-01-14 01:00:00,6.003242,5.799592,100704733.4158,6.003242
113,AKBNK,2014-01-15 01:00:00,6.047512,5.932406,137533011.1888,5.950116
114,AKBNK,2014-01-16 01:00:00,5.896989,5.8173,116482170.8325,5.826154
115,AKBNK,2014-01-17 01:00:00,5.861572,5.640213,109309019.089,5.640213
116,AKBNK,2014-01-20 01:00:00,5.719903,5.533961,96601984.6406,5.684485
117,AKBNK,2014-01-21 01:00:00,5.87928,5.702194,169170164.2362,5.737611
118,AKBNK,2014-01-22 01:00:00,5.87928,5.773028,168400645.2479,5.835009
119,AKBNK,2014-01-23 01:00:00,5.843863,5.569379,225065461.5008,5.569379
120,AKBNK,2014-01-24 01:00:00,5.622505,5.365729,215996329.853,5.401147
121,AKBNK,2014-01-27 01:00:00,5.604796,5.330311,206797411.3383,5.55167
122,AKBNK,2014-01-28 01:00:00,5.640213,5.356875,233249666.8297,5.356875
123,AKBNK,2014-01-29 01:00:00,5.516253,4.949575,390371923.5674,5.188642
124,AKBNK,2014-01-30 01:00:00,5.277185,4.914158,266479910.068,5.277185
125,AKBNK,2014-01-31 01:00:00,5.259477,5.064681,203638082.0893,5.100099
126,AKBNK,2014-02-03 01:00:00,5.188642,5.073535,138021705.4487,5.135516
127,AKBNK,2014-02-04 01:00:00,5.232913,5.046973,293273770.146,5.162079
128,AKBNK,2014-02-05 01:00:00,5.268331,5.144371,273596867.7194,5.162079
129,AKBNK,2014-02-06 01:00:00,5.401147,5.162079,226764710.789,5.401147
130,AKBNK,2014-02-07 01:00:00,5.463127,5.356875,211726140.689,5.418855
131,AKBNK,2014-02-10 01:00:00,5.410001,5.312603,155158153.8049,5.374583
132,AKBNK,2014-02-11 01:00:00,5.480835,5.374583,197260098.1774,5.427709
133,AKBNK,2014-02-12 01:00:00,5.498544,5.383437,113467415.461,5.383437
134,AKBNK,2014-02-13 01:00:00,5.348021,5.259477,114566997.4401,5.259477
135,AKBNK,2014-02-14 01:00:00,5.427709,5.28604,143202720.971,5.401147
136,AKBNK,2014-02-17 01:00:00,5.569379,5.463127,105724905.8015,5.542816
137,AKBNK,2014-02-18 01:00:00,5.533961,5.374583,130252457.7904,5.374583
138,AKBNK,2014-02-19 01:00:00,5.374583,5.215205,152078766.263,5.241769
139,AKBNK,2014-02-20 01:00:00,5.232913,5.144371,312932564.4049,5.224059
140,AKBNK,2014-02-21 01:00:00,5.268331,5.179788,154226802.2358,5.215205
141,AKBNK,2014-02-24 01:00:00,5.259477,5.179788,125028002.6078,5.241769
142,AKBNK,2014-02-25 01:00:00,5.091245,5.02041,127097902.2253,5.038119
143,AKBNK,2014-02-26 01:00:00,5.08239,4.958429,125563663.8191,4.958429
144,AKBNK,2014-02-27 01:00:00,5.029264,4.931866,128679533.2739,5.002701
145,AKBNK,2014-02-28 01:00:00,5.144371,5.029264,125452201.8006,5.064681
146,AKBNK,2014-03-03 01:00:00,5.011555,4.976138,80731473.332,5.011555
147,AKBNK,2014-03-04 01:00:00,5.170933,5.091245,95782327.111,5.153225
148,AKBNK,2014-03-05 01:00:00,5.241769,5.144371,107615946.1558,5.206351
149,AKBNK,2014-03-06 01:00:00,5.294895,5.215205,132022666.1298,5.259477
150,AKBNK,2014-03-07 01:00:00,5.28604,5.144371,103763386.7365,5.162079
151,AKBNK,2014-03-10 01:00:00,5.179788,5.108953,96086148.7426,5.162079
152,AKBNK,2014-03-11 01:00:00,5.197497,5.108953,125481575.4403,5.126662
153,AKBNK,2014-03-12 01:00:00,5.28604,5.055827,183509227.1407,5.28604
154,AKBNK,2014-03-13 01:00:00,5.401147,5.277185,160021929.7993,5.294895
155,AKBNK,2014-03-14 01:00:00,5.356875,5.241769,158990599.3231,5.312603
156,AKBNK,2014-03-17 01:00:00,5.427709,5.365729,82666341.6458,5.418855
157,AKBNK,2014-03-18 01:00:00,5.657922,5.418855,162823182.9033,5.631359
158,AKBNK,2014-03-19 01:00:00,5.666777,5.525107,167462741.4886,5.55167
159,AKBNK,2014-03-20 01:00:00,5.640213,5.498544,210767437.5126,5.516253
160,AKBNK,2014-03-21 01:00:00,5.498544,5.427709,132042709.0824,5.471981
161,AKBNK,2014-03-24 01:00:00,5.533961,5.383437,97800106.4228,5.410001
162,AKBNK,2014-03-25 01:00:00,5.578233,5.427709,140920762.9841,5.55167
163,AKBNK,2014-03-26 01:00:00,5.923552,5.622505,224406079.5199,5.914698
164,AKBNK,2014-03-27 01:00:00,5.967824,5.781883,230091028.8492,5.781883
165,AKBNK,2014-03-28 01:00:00,6.136056,5.852718,207193599.2944,6.109494
166,AKBNK,2014-03-31 01:00:00,6.282499,5.976035,171334502.0661,6.129267
167,AKBNK,2014-04-01 00:00:00,6.390662,6.102226,198152177.8315,6.390662
168,AKBNK,2014-04-02 00:00:00,6.489812,6.336581,196898215.741,6.372635
169,AKBNK,2014-04-03 00:00:00,6.498826,6.390662,176943554.7118,6.453757
170,AKBNK,2014-04-04 00:00:00,6.53488,6.381648,268059496.0739,6.525866
171,AKBNK,2014-04-07 00:00:00,6.606989,6.453757,143081757.6054,6.570934
172,AKBNK,2014-04-08 00:00:00,6.841344,6.661071,169192332.7677,6.841344
173,AKBNK,2014-04-09 00:00:00,6.868384,6.625016,174350265.0981,6.63403
174,AKBNK,2014-04-10 00:00:00,6.778249,6.616003,195282285.8841,6.688111
175,AKBNK,2014-04-11 00:00:00,6.652057,6.579948,117633247.0446,6.625016
176,AKBNK,2014-04-14 00:00:00,6.706139,6.480799,285390817.9212,6.661071
177,AKBNK,2014-04-15 00:00:00,6.742193,6.444744,246778687.6444,6.444744
178,AKBNK,2014-04-16 00:00:00,6.597975,6.408689,243004748.756,6.453757
179,AKBNK,2014-04-17 00:00:00,6.597975,6.471785,159774546.7445,6.570934
180,AKBNK,2014-04-18 00:00:00,6.625016,6.561921,37010300.9559,6.570934
181,AKBNK,2014-04-21 00:00:00,6.606989,6.543894,44012195.4727,6.552907
182,AKBNK,2014-04-22 00:00:00,6.579948,6.480799,99578762.428,6.480799
183,AKBNK,2014-04-24 00:00:00,6.507839,6.336581,147164129.7782,6.345594
184,AKBNK,2014-04-25 00:00:00,6.363622,6.138281,147903227.1982,6.156308
185,AKBNK,2014-04-28 00:00:00,6.363622,6.120253,130356810.5771,6.318553
186,AKBNK,2014-04-29 00:00:00,6.417703,6.273485,109061705.0651,6.282499
187,AKBNK,2014-04-30 00:00:00,6.688111,6.282499,219616227.0736,6.643044
188,AKBNK,2014-05-02 00:00:00,6.796275,6.661071,226771052.0513,6.751208
189,AKBNK,2014-05-05 00:00:00,6.805289,6.625016,184424313.2856,6.670085
190,AKBNK,2014-05-06 00:00:00,6.841344,6.697126,204080446.0168,6.805289
191,AKBNK,2014-05-07 00:00:00,6.83233,6.661071,145663937.0668,6.715152
192,AKBNK,2014-05-08 00:00:00,6.877398,6.742193,220927288.329,6.814303
193,AKBNK,2014-05-09 00:00:00,6.850357,6.724167,164214552.1136,6.796275
194,AKBNK,2014-05-12 00:00:00,6.985561,6.886411,135295461.2132,6.922466
195,AKBNK,2014-05-13 00:00:00,6.994575,6.850357,154579653.1193,6.868384
196,AKBNK,2014-05-14 00:00:00,6.949507,6.841344,133750132.7888,6.904439
197,AKBNK,2014-05-15 00:00:00,6.985561,6.814303,123057746.3303,6.83233
198,AKBNK,2014-05-16 00:00:00,6.85937,6.751208,110448686.9733,6.796275
199,AKBNK,2014-05-20 00:00:00,6.877398,6.769234,120775898.6012,6.850357
200,AKBNK,2014-05-21 00:00:00,6.994575,6.841344,141098093.0192,6.985561
201,AKBNK,2014-05-22 00:00:00,7.283012,6.994575,197101089.1554,7.22893
202,AKBNK,2014-05-23 00:00:00,7.328079,7.22893,124335595.0566,7.292025
203,AKBNK,2014-05-26 00:00:00,7.400188,7.255971,79543063.8249,7.391175
204,AKBNK,2014-05-27 00:00:00,7.427229,7.255971,140313736.2058,7.255971
205,AKBNK,2014-05-28 00:00:00,7.418216,7.219915,156688601.2598,7.273997
206,AKBNK,2014-05-29 00:00:00,7.445257,7.310052,124598082.4728,7.445257
207,AKBNK,2014-05-30 00:00:00,7.499338,7.373147,140470721.2778,7.373147
208,AKBNK,2014-06-02 00:00:00,7.427229,7.138793,168025494.4823,7.192875
209,AKBNK,2014-06-03 00:00:00,7.283012,7.057671,236965866.0991,7.102738
210,AKBNK,2014-06-04 00:00:00,7.093725,6.985561,143563031.9939,7.012602
211,AKBNK,2014-06-05 00:00:00,7.255971,7.039643,416010742.9459,7.183861
212,AKBNK,2014-06-06 00:00:00,7.310052,7.201889,194253382.9973,7.255971
213,AKBNK,2014-06-09 00:00:00,7.391175,7.319066,124129667.9802,7.346107
214,AKBNK,2014-06-10 00:00:00,7.481311,7.328079,138249455.9017,7.481311
215,AKBNK,2014-06-11 00:00:00,7.517365,7.15682,180244989.0222,7.255971
216,AKBNK,2014-06-12 00:00:00,7.337093,7.093725,195319672.8699,7.319066
217,AKBNK,2014-06-13 00:00:00,7.301038,7.192875,124615963.4136,7.219915
218,AKBNK,2014-06-16 00:00:00,7.174848,6.949507,93431863.5488,6.958521
219,AKBNK,2014-06-17 00:00:00,7.111753,6.976548,144149043.6333,6.985561
220,AKBNK,2014-06-18 00:00:00,7.075698,6.958521,107839173.1623,6.967534
221,AKBNK,2014-06-19 00:00:00,7.15682,7.066684,94432069.6829,7.102738
222,AKBNK,2014-06-20 00:00:00,7.129779,7.048657,67909623.11,7.048657
223,AKBNK,2014-06-23 00:00:00,7.255971,7.057671,157818325.807,7.255971
224,AKBNK,2014-06-24 00:00:00,7.337093,7.129779,136347859.5603,7.129779
225,AKBNK,2014-06-25 00:00:00,7.192875,7.012602,103989216.786,7.192875
226,AKBNK,2014-06-26 00:00:00,7.22893,6.93148,102862914.066,7.03063
227,AKBNK,2014-06-27 00:00:00,7.111753,7.021616,76788458.404,7.057671
228,AKBNK,2014-06-30 00:00:00,7.165834,7.021616,94963212.2415,7.021616
229,AKBNK,2014-07-01 00:00:00,7.102738,6.814303,130169890.9886,6.83233
230,AKBNK,2014-07-02 00:00:00,6.85937,6.742193,127336189.49,6.841344
231,AKBNK,2014-07-03 00:00:00,6.886411,6.724167,169145508.672,6.886411
232,AKBNK,2014-07-04 00:00:00,6.886411,6.814303,43114921.2376,6.823316
233,AKBNK,2014-07-07 00:00:00,7.066684,6.787262,106252305.347,7.066684
234,AKBNK,2014-07-08 00:00:00,7.246956,7.066684,127734136.7772,7.165834
235,AKBNK,2014-07-09 00:00:00,7.255971,7.165834,63086634.8357,7.210902
236,AKBNK,2014-07-10 00:00:00,7.246956,7.021616,143523583.6665,7.021616
237,AKBNK,2014-07-11 00:00:00,7.147807,7.039643,76751163.4596,7.138793
238,AKBNK,2014-07-14 00:00:00,7.391175,7.147807,141784117.1226,7.382161
239,AKBNK,2014-07-15 00:00:00,7.472297,7.35512,135374055.8576,7.45427
240,AKBNK,2014-07-16 00:00:00,7.499338,7.418216,135630378.424,7.481311
241,AKBNK,2014-07-17 00:00:00,7.499338,7.337093,125918409.2195,7.337093
242,AKBNK,2014-07-18 00:00:00,7.463284,7.246956,94478068.2831,7.463284
243,AKBNK,2014-07-21 00:00:00,7.535393,7.409202,114549803.9328,7.418216
244,AKBNK,2014-07-22 00:00:00,7.544406,7.418216,149682066.3273,7.472297
245,AKBNK,2014-07-23 00:00:00,7.535393,7.45427,91231468.5382,7.535393
246,AKBNK,2014-07-24 00:00:00,7.724679,7.544406,230914554.0311,7.715665
247,AKBNK,2014-07-25 00:00:00,7.931992,7.679611,103209044.0168,7.859883
248,AKBNK,2014-07-31 00:00:00,7.841856,7.661583,152667192.0691,7.688624
249,AKBNK,2014-08-01 00:00:00,7.841856,7.562434,97276940.7772,7.75172
250,AKBNK,2014-08-04 00:00:00,7.841856,7.688624,123625023.7294,7.688624
251,AKBNK,2014-08-05 00:00:00,7.75172,7.463284,188828631.5567,7.472297
252,AKBNK,2014-08-06 00:00:00,7.427229,7.210902,194730062.032,7.292025
253,AKBNK,2014-08-07 00:00:00,7.409202,7.264984,109614091.9071,7.292025
254,AKBNK,2014-08-08 00:00:00,7.418216,7.15682,175720392.9013,7.373147
255,AKBNK,2014-08-11 00:00:00,7.508352,7.021616,219836378.3665,7.021616
256,AKBNK,2014-08-12 00:00:00,7.174848,7.003589,176023808.0172,7.165834
257,AKBNK,2014-08-13 00:00:00,7.219915,7.003589,206439529.8223,7.084712
258,AKBNK,2014-08-14 00:00:00,7.15682,7.003589,227892766.1288,7.084712
259,AKBNK,2014-08-15 00:00:00,7.129779,6.913452,167286012.5982,6.913452
260,AKBNK,2014-08-18 00:00:00,7.012602,6.895425,122161672.4672,7.012602
261,AKBNK,2014-08-19 00:00:00,7.373147,7.048657,185383880.308,7.337093
262,AKBNK,2014-08-20 00:00:00,7.346107,7.174848,139220520.4169,7.255971
263,AKBNK,2014-08-21 00:00:00,7.301038,7.201889,124194206.1917,7.283012
264,AKBNK,2014-08-22 00:00:00,7.337093,7.192875,82862502.7564,7.264984
265,AKBNK,2014-08-25 00:00:00,7.319066,7.246956,63844085.8669,7.283012
266,AKBNK,2014-08-26 00:00:00,7.571447,7.283012,156551094.4286,7.571447
267,AKBNK,2014-08-27 00:00:00,7.625529,7.481311,110310637.4819,7.55342
268,AKBNK,2014-08-28 00:00:00,7.562434,7.481311,99341222.0401,7.544406
269,AKBNK,2014-08-29 00:00:00,7.625529,7.400188,151041671.7002,7.427229
270,AKBNK,2014-09-01 00:00:00,7.45427,7.373147,86042021.6489,7.436243
271,AKBNK,2014-09-02 00:00:00,7.490324,7.391175,140695307.811,7.418216
272,AKBNK,2014-09-03 00:00:00,7.535393,7.427229,169722305.6347,7.463284
273,AKBNK,2014-09-04 00:00:00,7.616516,7.445257,217429812.7535,7.616516
274,AKBNK,2014-09-05 00:00:00,7.634542,7.544406,108799325.9892,7.571447
275,AKBNK,2014-09-08 00:00:00,7.670598,7.571447,111423573.1201,7.616516
276,AKBNK,2014-09-09 00:00:00,7.661583,7.283012,197583643.4934,7.301038
277,AKBNK,2014-09-10 00:00:00,7.328079,7.111753,218802314.4553,7.174848
278,AKBNK,2014-09-11 00:00:00,7.264984,7.048657,159240163.5651,7.084712
279,AKBNK,2014-09-12 00:00:00,7.147807,6.922466,122677276.3444,6.958521
280,AKBNK,2014-09-15 00:00:00,7.03063,6.913452,116898557.0608,6.922466
281,AKBNK,2014-09-16 00:00:00,7.102738,6.841344,161175098.0336,7.084712
282,AKBNK,2014-09-17 00:00:00,7.174848,7.039643,125623220.2951,7.075698
283,AKBNK,2014-09-18 00:00:00,7.039643,6.868384,152886331.8664,6.868384
284,AKBNK,2014-09-19 00:00:00,6.994575,6.868384,145634663.1384,6.868384
285,AKBNK,2014-09-22 00:00:00,6.967534,6.83233,138188720.1465,6.886411
286,AKBNK,2014-09-23 00:00:00,7.057671,6.922466,156348945.8394,6.922466
287,AKBNK,2014-09-24 00:00:00,7.012602,6.796275,138375673.2917,6.796275
288,AKBNK,2014-09-25 00:00:00,6.841344,6.670085,129376292.653,6.688111
289,AKBNK,2014-09-26 00:00:00,6.760221,6.588962,198617137.899,6.643044
290,AKBNK,2014-09-29 00:00:00,6.706139,6.597975,126279606.1399,6.688111
291,AKBNK,2014-09-30 00:00:00,6.769234,6.652057,118304000.9204,6.688111
292,AKBNK,2014-10-01 00:00:00,6.724167,6.489812,152642495.2781,6.489812
293,AKBNK,2014-10-02 00:00:00,6.606989,6.462771,162130359.2487,6.480799
294,AKBNK,2014-10-03 00:00:00,6.498826,6.426717,25993028.83,6.498826
295,AKBNK,2014-10-08 00:00:00,6.444744,6.318553,157629597.0317,6.43573
296,AKBNK,2014-10-09 00:00:00,6.724167,6.516853,183012649.9267,6.706139
297,AKBNK,2014-10-10 00:00:00,6.63403,6.516853,121011020.9873,6.525866
298,AKBNK,2014-10-13 00:00:00,6.886411,6.53488,125314370.9073,6.85937
299,AKBNK,2014-10-14 00:00:00,6.886411,6.652057,219958707.9702,6.715152
300,AKBNK,2014-10-15 00:00:00,6.85937,6.688111,213565609.1504,6.706139
301,AKBNK,2014-10-16 00:00:00,6.823316,6.561921,196013798.5254,6.715152
302,AKBNK,2014-10-17 00:00:00,6.913452,6.751208,142663236.2106,6.877398
303,AKBNK,2014-10-20 00:00:00,7.003589,6.913452,141901793.8467,6.93148
304,AKBNK,2014-10-21 00:00:00,7.084712,6.787262,158798051.7924,7.066684
305,AKBNK,2014-10-22 00:00:00,7.138793,7.039643,121492633.8194,7.084712
306,AKBNK,2014-10-23 00:00:00,7.310052,7.012602,163010348.8941,7.310052
307,AKBNK,2014-10-24 00:00:00,7.283012,7.129779,223799720.041,7.165834
308,AKBNK,2014-10-27 01:00:00,7.219915,7.048657,128460719.4562,7.138793
309,AKBNK,2014-10-28 01:00:00,7.210902,7.129779,50493098.8198,7.201889
310,AKBNK,2014-10-30 01:00:00,7.201889,7.021616,199605709.4371,7.102738
311,AKBNK,2014-10-31 01:00:00,7.273997,7.192875,162464339.7475,7.237943
312,AKBNK,2014-11-03 01:00:00,7.219915,7.057671,137026844.4214,7.066684
313,AKBNK,2014-11-04 01:00:00,7.15682,7.012602,118676140.2096,7.102738
314,AKBNK,2014-11-05 01:00:00,7.192875,6.976548,121323647.9037,6.976548
315,AKBNK,2014-11-06 01:00:00,7.03063,6.742193,142766623.5223,6.778249
316,AKBNK,2014-11-07 01:00:00,6.913452,6.724167,111752457.7904,6.841344
317,AKBNK,2014-11-10 01:00:00,6.93148,6.805289,68114823.4437,6.841344
318,AKBNK,2014-11-11 01:00:00,6.940493,6.796275,89989748.8998,6.904439
319,AKBNK,2014-11-12 01:00:00,7.246956,6.93148,175364838.3045,7.246956
320,AKBNK,2014-11-13 01:00:00,7.364134,7.174848,193949797.2215,7.283012
321,AKBNK,2014-11-14 01:00:00,7.409202,7.246956,135054998.5139,7.35512
322,AKBNK,2014-11-17 01:00:00,7.436243,7.237943,111058179.6915,7.255971
323,AKBNK,2014-11-18 01:00:00,7.391175,7.264984,112423622.9758,7.364134
324,AKBNK,2014-11-19 01:00:00,7.436243,7.283012,185723074.563,7.301038
325,AKBNK,2014-11-20 01:00:00,7.45427,7.283012,153533349.6323,7.436243
326,AKBNK,2014-11-21 01:00:00,7.679611,7.481311,123149042.6746,7.643557
327,AKBNK,2014-11-24 01:00:00,7.634542,7.499338,95416805.208,7.607501
328,AKBNK,2014-11-25 01:00:00,7.616516,7.490324,115813139.8548,7.589475
329,AKBNK,2014-11-26 01:00:00,7.706652,7.544406,112336944.9957,7.697639
330,AKBNK,2014-11-27 01:00:00,7.769747,7.670598,93353751.1625,7.769747
331,AKBNK,2014-11-28 01:00:00,8.202401,7.769747,252731281.5793,8.103251
332,AKBNK,2014-12-01 01:00:00,8.211415,7.941006,142937917.182,8.112265
333,AKBNK,2014-12-02 01:00:00,8.121279,7.760734,179326285.4623,7.769747
334,AKBNK,2014-12-03 01:00:00,7.886924,7.697639,170538572.9763,7.75172
335,AKBNK,2014-12-04 01:00:00,7.977061,7.778761,104886169.8354,7.95002
336,AKBNK,2014-12-05 01:00:00,8.085224,7.814815,170800146.6908,7.868897
337,AKBNK,2014-12-08 01:00:00,7.931992,7.742706,155357410.7631,7.85087
338,AKBNK,2014-12-09 01:00:00,7.913965,7.670598,168142201.8964,7.670598
339,AKBNK,2014-12-10 01:00:00,7.832842,7.688624,180286892.7431,7.724679
340,AKBNK,2014-12-11 01:00:00,7.913965,7.670598,171480794.048,7.733693
341,AKBNK,2014-12-12 01:00:00,7.742706,7.391175,207606344.1386,7.45427
342,AKBNK,2014-12-15 01:00:00,7.499338,7.400188,84585495.8246,7.45427
343,AKBNK,2014-12-16 01:00:00,7.508352,7.03063,185559776.0328,7.039643
344,AKBNK,2014-12-17 01:00:00,7.346107,7.039643,169828822.3507,7.273997
345,AKBNK,2014-12-18 01:00:00,7.643557,7.400188,173783339.5653,7.643557
346,AKBNK,2014-12-19 01:00:00,7.715665,7.490324,141887472.7951,7.65257
347,AKBNK,2014-12-22 01:00:00,7.931992,7.616516,133399424.7419,7.931992
348,AKBNK,2014-12-23 01:00:00,7.977061,7.724679,136844883.5582,7.805801
349,AKBNK,2014-12-24 01:00:00,7.85087,7.760734,64395608.8628,7.778761
350,AKBNK,2014-12-25 01:00:00,7.823829,7.769747,19913733.3295,7.778761
351,AKBNK,2014-12-26 01:00:00,7.823829,7.760734,20110363.2755,7.778761
352,AKBNK,2014-12-29 01:00:00,7.778761,7.670598,87479785.4287,7.706652
353,AKBNK,2014-12-30 01:00:00,7.778761,7.544406,177583318.4725,7.679611
354,AKBNK,2014-12-31 01:00:00,7.805801,7.670598,66922149.3562,7.805801
355,AKBNK,2015-01-02 01:00:00,7.85087,7.742706,76061927.4983,7.832842
356,AKBNK,2015-01-05 01:00:00,7.968047,7.796788,151262051.1788,7.886924
357,AKBNK,2015-01-06 01:00:00,7.931992,7.814815,149334647.7982,7.931992
358,AKBNK,2015-01-07 01:00:00,8.031143,7.868897,176622928.831,7.904951
359,AKBNK,2015-01-08 01:00:00,8.004102,7.913965,106191992.4066,7.968047
360,AKBNK,2015-01-09 01:00:00,8.121279,7.95002,178769112.4726,8.058184
361,AKBNK,2015-01-12 01:00:00,8.220428,8.004102,190870518.02,8.040156
362,AKBNK,2015-01-13 01:00:00,8.139305,8.031143,131831927.7859,8.121279
363,AKBNK,2015-01-14 01:00:00,8.085224,7.922979,174966300.419,7.977061
364,AKBNK,2015-01-15 01:00:00,8.157333,8.040156,175246710.9615,8.139305
365,AKBNK,2015-01-16 01:00:00,8.130292,8.031143,83080032.7897,8.112265
366,AKBNK,2015-01-19 01:00:00,8.175361,8.103251,127954477.9053,8.112265
367,AKBNK,2015-01-20 01:00:00,8.328592,8.130292,210574182.4144,8.27451
368,AKBNK,2015-01-21 01:00:00,8.409715,8.265497,208091141.9833,8.37366
369,AKBNK,2015-01-22 01:00:00,8.599001,8.37366,225149522.0564,8.562947
370,AKBNK,2015-01-23 01:00:00,8.599001,8.319578,210250530.6756,8.346619
371,AKBNK,2015-01-26 01:00:00,8.481824,8.283524,185111854.1529,8.47281
372,AKBNK,2015-01-27 01:00:00,8.49985,8.319578,189820755.644,8.472809
373,AKBNK,2015-01-28 01:00:00,8.535906,8.256483,146508152.3667,8.265497
374,AKBNK,2015-01-29 01:00:00,8.256483,8.040156,189642758.9381,8.049169
375,AKBNK,2015-01-30 01:00:00,8.14832,7.959033,191066920.739,8.07621
376,AKBNK,2015-02-02 01:00:00,8.27451,8.07621,151042940.1444,8.27451
377,AKBNK,2015-02-03 01:00:00,8.328592,7.796788,214676973.3751,7.895938
378,AKBNK,2015-02-04 01:00:00,7.959033,7.607501,239503975.9926,7.607501
379,AKBNK,2015-02-05 01:00:00,7.75172,7.55342,187550131.83,7.697639
380,AKBNK,2015-02-06 01:00:00,7.778761,7.571447,185746826.0132,7.580461
381,AKBNK,2015-02-09 01:00:00,7.598488,7.364134,163462212.2511,7.526379
382,AKBNK,2015-02-10 01:00:00,7.616516,7.264984,185782441.2038,7.310052
383,AKBNK,2015-02-11 01:00:00,7.499338,7.301038,177851180.7173,7.310052
384,AKBNK,2015-02-12 01:00:00,7.706652,7.346107,159910778.4201,7.706652
385,AKBNK,2015-02-13 01:00:00,7.75172,7.580461,148312750.5968,7.679611
386,AKBNK,2015-02-16 01:00:00,7.778761,7.688624,104478498.768,7.724679
387,AKBNK,2015-02-17 01:00:00,7.733693,7.55342,124087303.0939,7.562434
388,AKBNK,2015-02-18 01:00:00,7.733693,7.490324,109990258.0033,7.697639
389,AKBNK,2015-02-19 01:00:00,7.823829,7.706652,121276031.8693,7.778761
390,AKBNK,2015-02-20 01:00:00,7.796788,7.616516,90012745.803,7.643557
391,AKBNK,2015-02-23 01:00:00,7.742706,7.55342,77303421.8272,7.733693
392,AKBNK,2015-02-24 01:00:00,7.805801,7.715665,103558210.3719,7.778761
393,AKBNK,2015-02-25 01:00:00,7.895938,7.706652,117075812.3124,7.769747
394,AKBNK,2015-02-26 01:00:00,7.859883,7.65257,145325647.8845,7.65257
395,AKBNK,2015-02-27 01:00:00,7.742706,7.283012,293825338.2039,7.391175
396,AKBNK,2015-03-02 01:00:00,7.499338,7.382161,121042013.9788,7.400188
397,AKBNK,2015-03-03 01:00:00,7.499338,7.337093,144552792.3989,7.418216
398,AKBNK,2015-03-04 01:00:00,7.436243,7.210902,123723150.3054,7.210902
399,AKBNK,2015-03-05 01:00:00,7.012602,6.805289,1022765775.0165,6.913452
400,AKBNK,2015-03-06 01:00:00,7.003589,6.724167,533190619.4571,6.769234
401,AKBNK,2015-03-09 01:00:00,6.922466,6.742193,702603479.353,6.85937
402,AKBNK,2015-03-10 01:00:00,6.886411,6.471785,454612042.0705,6.480799
403,AKBNK,2015-03-11 01:00:00,6.706139,6.462771,379307381.5208,6.679098
404,AKBNK,2015-03-12 01:00:00,6.850357,6.63403,312302656.7339,6.706139
405,AKBNK,2015-03-13 01:00:00,6.83233,6.597975,412038130.0275,6.679098
406,AKBNK,2015-03-16 01:00:00,6.886411,6.724167,250308688.3155,6.85937
407,AKBNK,2015-03-17 01:00:00,7.111753,6.895425,357080757.615,7.003589
408,AKBNK,2015-03-18 01:00:00,7.021616,6.886411,212286407.6087,6.913452
409,AKBNK,2015-03-19 01:00:00,7.264984,7.084712,324196047.9765,7.264984
410,AKBNK,2015-03-20 01:00:00,7.373147,7.22893,217147454.9621,7.346107
411,AKBNK,2015-03-23 01:00:00,7.472297,7.319066,192792233.0563,7.436243
412,AKBNK,2015-03-24 01:00:00,7.427229,7.102738,311372080.8046,7.183861
413,AKBNK,2015-03-25 01:00:00,7.328079,7.147807,190951616.9548,7.219915
414,AKBNK,2015-03-26 01:00:00,7.15682,6.985561,206868587.0701,7.15682
415,AKBNK,2015-03-27 01:00:00,7.15682,7.012602,216781671.3167,7.066684
416,AKBNK,2015-03-30 00:00:00,7.295528,7.057232,311196080.5745,7.222207
417,AKBNK,2015-03-31 00:00:00,7.268033,6.993076,236347118.4361,7.011406
418,AKBNK,2015-04-01 00:00:00,7.148884,7.002241,175438153.0378,7.048068
419,AKBNK,2015-04-02 00:00:00,7.121389,7.057232,110543167.3714,7.084728
420,AKBNK,2015-04-03 00:00:00,7.304694,7.048068,107039710.0699,7.304694
421,AKBNK,2015-04-06 00:00:00,7.469669,7.313859,85419443.7254,7.460503
422,AKBNK,2015-04-07 00:00:00,7.460503,7.240537,227900820.7016,7.268033
423,AKBNK,2015-04-08 00:00:00,7.35052,7.231372,144833726.4264,7.35052
424,AKBNK,2015-04-09 00:00:00,7.442172,7.268033,176433779.1584,7.405512
425,AKBNK,2015-04-10 00:00:00,7.433007,7.240537,220005971.1796,7.258868
426,AKBNK,2015-04-13 00:00:00,7.304694,7.093894,220276746.1482,7.093894
427,AKBNK,2015-04-14 00:00:00,7.249702,6.96558,350329073.5468,7.231372
428,AKBNK,2015-04-15 00:00:00,7.203876,7.038902,311080252.3466,7.038902
429,AKBNK,2015-04-16 00:00:00,7.15805,7.066397,259445385.9503,7.103058
430,AKBNK,2015-04-17 00:00:00,7.185546,7.057232,187711581.1746,7.093893
431,AKBNK,2015-04-20 00:00:00,7.13972,7.011406,181669024.2663,7.011406
432,AKBNK,2015-04-21 00:00:00,7.240537,6.94725,253072515.1245,7.240537
433,AKBNK,2015-04-22 00:00:00,7.286364,7.103058,211674259.1154,7.121389
434,AKBNK,2015-04-24 00:00:00,7.249702,7.130554,250604239.6525,7.240537
435,AKBNK,2015-04-27 00:00:00,7.414677,7.213041,280758952.4549,7.396346
436,AKBNK,2015-04-28 00:00:00,7.506329,7.35052,225354844.153,7.433007
437,AKBNK,2015-04-29 00:00:00,7.533825,7.405512,207407139.9124,7.442172
438,AKBNK,2015-04-30 00:00:00,7.460503,7.13972,206475656.034,7.13972
439,AKBNK,2015-05-04 00:00:00,7.167215,7.057232,178718502.2195,7.13972
440,AKBNK,2015-05-05 00:00:00,7.194711,7.048068,151094202.3566,7.057232
441,AKBNK,2015-05-06 00:00:00,7.112224,6.96558,197678715.4486,6.993076
442,AKBNK,2015-05-07 00:00:00,7.057232,6.928919,128384709.6385,7.002241
443,AKBNK,2015-05-08 00:00:00,7.231372,7.011406,186658093.4027,7.231372
444,AKBNK,2015-05-11 00:00:00,7.387181,7.222207,179761623.5702,7.33219
445,AKBNK,2015-05-12 00:00:00,7.33219,7.222207,175016860.8163,7.323025
446,AKBNK,2015-05-13 00:00:00,7.561321,7.341354,260655307.2358,7.561321
447,AKBNK,2015-05-14 00:00:00,7.744626,7.515495,284052296.7182,7.671303
448,AKBNK,2015-05-15 00:00:00,7.772121,7.671303,204552222.8934,7.698799
449,AKBNK,2015-05-18 00:00:00,7.891269,7.707964,152483227.39,7.891269
450,AKBNK,2015-05-20 00:00:00,7.863773,7.680469,237699585.8141,7.73546
451,AKBNK,2015-05-21 00:00:00,7.817947,7.579651,330484566.7827,7.607147
452,AKBNK,2015-05-22 00:00:00,7.607147,7.451338,214624623.925,7.469669
453,AKBNK,2015-05-25 00:00:00,7.469669,7.313859,116885173.68,7.35052
454,AKBNK,2015-05-26 00:00:00,7.460503,7.268033,148015391.0317,7.286364
455,AKBNK,2015-05-27 00:00:00,7.442172,7.258868,175731779.1776,7.414677
456,AKBNK,2015-05-28 00:00:00,7.487998,7.387181,154636860.6245,7.387181
457,AKBNK,2015-05-29 00:00:00,7.524659,7.222207,216917669.054,7.268033
458,AKBNK,2015-06-01 00:00:00,7.277198,6.98391,144313193.5456,6.993076
459,AKBNK,2015-06-02 00:00:00,7.167215,6.98391,153871597.5878,7.167215
460,AKBNK,2015-06-03 00:00:00,7.341354,7.130554,137582121.9356,7.323025
461,AKBNK,2015-06-04 00:00:00,7.277198,7.093894,160310872.379,7.176381
462,AKBNK,2015-06-05 00:00:00,7.268033,7.066397,199921345.9123,7.112224
463,AKBNK,2015-06-08 00:00:00,6.763945,6.443162,205665942.0,6.736449
464,AKBNK,2015-06-09 00:00:00,6.901423,6.763945,243581681.0,6.846432
465,AKBNK,2015-06-10 00:00:00,7.130554,6.864763,175394406.0,7.103059
466,AKBNK,2015-06-11 00:00:00,7.268033,7.057232,231708705.0,7.258868
467,AKBNK,2015-06-12 00:00:00,7.36885,7.194711,183798991.0,7.194711
468,AKBNK,2015-06-15 00:00:00,7.203876,7.020572,160366000.8598,7.029737
469,AKBNK,2015-06-16 00:00:00,7.240537,7.057232,122067643.0,7.148885
470,AKBNK,2015-06-17 00:00:00,7.268033,7.15805,144186652.0,7.194711
471,AKBNK,2015-06-18 00:00:00,7.35052,7.268033,120135627.0,7.295529
472,AKBNK,2015-06-19 00:00:00,7.36885,7.240537,128584443.0,7.35052
473,AKBNK,2015-06-22 00:00:00,7.506329,7.387181,121694788.1612,7.478833
474,AKBNK,2015-06-23 00:00:00,7.506329,7.286364,159278142.1079,7.323025
475,AKBNK,2015-06-24 00:00:00,7.451338,7.323025,159226503.1016,7.442172
476,AKBNK,2015-06-25 00:00:00,7.487998,7.286364,196892644.3658,7.286364
477,AKBNK,2015-06-26 00:00:00,7.35052,7.268033,167865463.4184,7.277198
478,AKBNK,2015-06-29 00:00:00,7.213041,7.103058,167015362.2688,7.121389
479,AKBNK,2015-06-30 00:00:00,7.213041,7.020571,183787282.9599,7.103058
480,AKBNK,2015-07-01 00:00:00,7.167215,6.974745,145365657.0886,6.974745
481,AKBNK,2015-07-02 00:00:00,7.057232,6.901424,167722930.7485,7.029737
482,AKBNK,2015-07-03 00:00:00,7.066397,6.94725,103348762.7156,6.94725
483,AKBNK,2015-07-06 00:00:00,7.13972,6.910589,137925540.503,7.121389
484,AKBNK,2015-07-07 00:00:00,7.15805,6.96558,151879486.2945,6.98391
485,AKBNK,2015-07-08 00:00:00,6.96558,6.773111,148048412.7669,6.773111
486,AKBNK,2015-07-09 00:00:00,7.057232,6.837267,130087708.6509,7.057232
487,AKBNK,2015-07-10 00:00:00,7.231372,7.103059,158043729.0,7.121389
488,AKBNK,2015-07-13 00:00:00,7.213042,7.075563,148788618.0,7.167215
489,AKBNK,2015-07-14 00:00:00,7.258868,7.075563,116121245.0,7.103059
490,AKBNK,2015-07-15 00:00:00,7.17638,7.038902,129055027.0,7.066398
491,AKBNK,2015-07-16 00:00:00,7.093893,7.057232,30799153.0,7.057232
492,AKBNK,2015-07-20 00:00:00,7.084728,6.864763,155870426.0,6.883093
493,AKBNK,2015-07-21 00:00:00,6.938084,6.782275,153883720.0,6.828101
494,AKBNK,2015-07-22 00:00:00,6.855597,6.736449,125668943.0,6.809771
495,AKBNK,2015-07-23 00:00:00,6.818936,6.617301,169869473.0,6.626466
496,AKBNK,2015-07-24 00:00:00,6.763945,6.58064,118509015.0,6.727284
497,AKBNK,2015-07-27 00:00:00,6.745614,6.543979,142834700.0,6.589805
498,AKBNK,2015-07-28 00:00:00,6.708953,6.56231,195958692.0,6.58064
499,AKBNK,2015-07-29 00:00:00,6.663127,6.553144,143713096.0,6.608136
500,AKBNK,2015-07-30 00:00:00,6.708953,6.553144,161418623.0,6.681458
501,AKBNK,2015-07-31 00:00:00,6.800606,6.635631,251156006.0,6.800606
502,AKBNK,2015-08-03 00:00:00,6.800606,6.589805,165819751.0,6.598971
503,AKBNK,2015-08-04 00:00:00,6.672293,6.525649,118023364.0,6.598971
504,AKBNK,2015-08-05 00:00:00,6.644796,6.553145,97327274.1898,6.58064
505,AKBNK,2015-08-06 00:00:00,6.699788,6.608136,132001420.0,6.681458
506,AKBNK,2015-08-07 00:00:00,6.718119,6.635631,122014763.0,6.681458
507,AKBNK,2015-08-10 00:00:00,6.736449,6.516483,139363750.0,6.608136
508,AKBNK,2015-08-11 00:00:00,6.892258,6.690623,149112780.0,6.883093
509,AKBNK,2015-08-12 00:00:00,6.800606,6.653962,130034308.3959,6.663127
510,AKBNK,2015-08-13 00:00:00,6.663127,6.424831,173785514.9999,6.498153
511,AKBNK,2015-08-14 00:00:00,6.56231,6.424831,130089424.8377,6.488988
512,AKBNK,2015-08-17 00:00:00,6.498153,6.360674,172845066.682,6.415666
513,AKBNK,2015-08-18 00:00:00,6.379005,6.1957,184450376.3147,6.1957
514,AKBNK,2015-08-19 00:00:00,6.305683,6.149874,173121897.2014,6.1957
515,AKBNK,2015-08-20 00:00:00,6.168205,6.039891,197275527.5597,6.094883
516,AKBNK,2015-08-21 00:00:00,6.104048,5.975735,108932322.7965,5.994065
517,AKBNK,2015-08-24 00:00:00,5.929909,5.654952,158429122.4437,5.819925
518,AKBNK,2015-08-25 00:00:00,6.067387,5.865752,152938883.0,6.058222
519,AKBNK,2015-08-26 00:00:00,6.131544,5.957404,192417716.0,6.104048
520,AKBNK,2015-08-27 00:00:00,6.223196,6.149874,112862202.0,6.204865
521,AKBNK,2015-08-28 00:00:00,6.259857,6.17737,91480126.0,6.259857
522,AKBNK,2015-08-31 00:00:00,6.296518,6.1957,101357454.0,6.250692
523,AKBNK,2015-09-01 00:00:00,6.250692,6.039891,157162998.0,6.067387
524,AKBNK,2015-09-02 00:00:00,6.159039,6.067387,129060126.0,6.140709
525,AKBNK,2015-09-03 00:00:00,6.204865,6.058222,125742681.0,6.140709
526,AKBNK,2015-09-04 00:00:00,6.122378,5.9849,152047629.0,6.012395
527,AKBNK,2015-09-07 00:00:00,5.966569,5.893247,86672629.0,5.939074
528,AKBNK,2015-09-08 00:00:00,6.012395,5.929908,99698412.0,5.975734
529,AKBNK,2015-09-09 00:00:00,6.058222,5.957404,101917538.0,5.966569
530,AKBNK,2015-09-10 00:00:00,5.948238,5.856586,174319515.6326,5.948238
531,AKBNK,2015-09-11 00:00:00,5.948238,5.865752,83558669.6197,5.865752
532,AKBNK,2015-09-14 00:00:00,5.911578,5.737438,105147649.5911,5.764934
533,AKBNK,2015-09-15 00:00:00,6.049056,5.764934,163159114.486,6.039891
534,AKBNK,2015-09-16 00:00:00,6.278187,6.021561,205741206.6998,6.214031
535,AKBNK,2015-09-17 00:00:00,6.305683,6.131543,191248636.1588,6.287353
536,AKBNK,2015-09-18 00:00:00,6.259857,6.094883,216664720.3766,6.250692
537,AKBNK,2015-09-21 00:00:00,6.342344,6.168205,233977259.0867,6.333179
538,AKBNK,2015-09-22 00:00:00,6.36984,6.1957,153357542.1137,6.278187
539,AKBNK,2015-09-23 00:00:00,6.296518,6.223196,51078200.5925,6.223196
540,AKBNK,2015-09-28 00:00:00,6.269022,6.076552,138932046.6726,6.076552
541,AKBNK,2015-09-29 00:00:00,6.241526,5.966569,229644135.7226,6.214031
542,AKBNK,2015-09-30 00:00:00,6.269022,6.140709,233165284.1296,6.214031
543,AKBNK,2015-10-01 00:00:00,6.314848,6.1957,206167136.4608,6.296518
544,AKBNK,2015-10-02 00:00:00,6.324013,6.140709,289372750.9803,6.177369
545,AKBNK,2015-10-05 00:00:00,6.543979,6.278187,261932532.7657,6.525649
546,AKBNK,2015-10-06 00:00:00,6.571475,6.479823,197444374.4547,6.525649
547,AKBNK,2015-10-07 00:00:00,6.809771,6.553144,331668480.6474,6.745614
548,AKBNK,2015-10-08 00:00:00,6.818937,6.681458,219930918.2079,6.727284
549,AKBNK,2015-10-09 00:00:00,6.901424,6.763945,228823901.0172,6.873927
550,AKBNK,2015-10-12 00:00:00,6.864763,6.75478,212923365.0684,6.818937
551,AKBNK,2015-10-13 00:00:00,6.818937,6.635631,231461070.3637,6.681458
552,AKBNK,2015-10-14 00:00:00,6.883093,6.681458,198351067.0,6.873928
553,AKBNK,2015-10-15 00:00:00,6.993076,6.864763,241644751.0,6.864763
554,AKBNK,2015-10-16 00:00:00,6.901423,6.75478,203026602.0,6.791441
555,AKBNK,2015-10-19 00:00:00,6.928919,6.800606,199986774.0,6.846432
556,AKBNK,2015-10-20 00:00:00,6.956415,6.837267,168468306.0,6.910589
557,AKBNK,2015-10-21 00:00:00,6.919754,6.782275,220750825.0,6.873928
558,AKBNK,2015-10-22 00:00:00,6.938084,6.846432,176864154.7061,6.892258
559,AKBNK,2015-10-23 00:00:00,6.993076,6.846432,249858559.3618,6.846432
560,AKBNK,2015-10-26 00:00:00,6.901424,6.690623,147031821.3632,6.690623
561,AKBNK,2015-10-27 00:00:00,6.736449,6.635631,121222399.5935,6.690623
562,AKBNK,2015-10-28 00:00:00,6.828101,6.681458,77434081.1689,6.782275
563,AKBNK,2015-10-30 00:00:00,6.873927,6.690623,179272130.6603,6.864763
564,AKBNK,2015-11-02 00:00:00,7.478833,7.323025,527297884.0088,7.387181
565,AKBNK,2015-11-03 00:00:00,7.433007,7.268033,212814566.495,7.277198
566,AKBNK,2015-11-04 00:00:00,7.396346,7.304694,120311486.9464,7.35052
567,AKBNK,2015-11-05 00:00:00,7.341354,7.222207,109257996.5676,7.249702
568,AKBNK,2015-11-06 00:00:00,7.268033,7.112224,86050193.1909,7.194711
569,AKBNK,2015-11-09 01:00:00,7.203876,7.075563,220692389.3347,7.075563
570,AKBNK,2015-11-10 01:00:00,7.13972,6.993076,185931320.8886,7.011406
571,AKBNK,2015-11-11 01:00:00,7.167215,7.038902,236194801.5839,7.066397
572,AKBNK,2015-11-12 01:00:00,7.13972,7.057232,157779521.7687,7.112224
573,AKBNK,2015-11-13 01:00:00,7.13972,7.066397,157119833.9421,7.084728
574,AKBNK,2015-11-16 01:00:00,7.066397,6.993076,123111270.2659,7.011406
575,AKBNK,2015-11-17 01:00:00,7.103058,7.011406,136052153.8624,7.011406
576,AKBNK,2015-11-18 01:00:00,7.057232,6.919753,129991486.1794,6.938084
577,AKBNK,2015-11-19 01:00:00,7.002241,6.873927,197980115.2434,6.883093
578,AKBNK,2015-11-20 01:00:00,6.938084,6.837267,199718946.1271,6.855597
579,AKBNK,2015-11-23 01:00:00,6.864763,6.75478,119291082.54,6.75478
580,AKBNK,2015-11-24 01:00:00,6.818937,6.470657,293300302.0105,6.488988
581,AKBNK,2015-11-25 01:00:00,6.571475,6.452326,235785536.0927,6.498153
582,AKBNK,2015-11-26 01:00:00,6.525649,6.296518,174186827.5472,6.296518
583,AKBNK,2015-11-27 01:00:00,6.498153,6.269022,254062987.8908,6.324013
584,AKBNK,2015-11-28 01:00:00,6.498152,6.269021,0.0,6.324013
585,AKBNK,2015-11-29 01:00:00,6.498152,6.269021,0.0,6.324013
586,AKBNK,2015-11-30 01:00:00,6.433996,6.333179,195282274.0,6.351509
587,AKBNK,2015-12-01 01:00:00,6.534814,6.36984,250580612.0,6.534814
588,AKBNK,2015-12-02 01:00:00,6.635631,6.479823,302281605.0,6.507318
589,AKBNK,2015-12-03 01:00:00,6.58064,6.397335,216832904.0,6.415666
590,AKBNK,2015-12-04 01:00:00,6.479823,6.214031,195119872.2927,6.314848
591,AKBNK,2015-12-07 01:00:00,6.4065,6.232361,136560744.384,6.333179
592,AKBNK,2015-12-08 01:00:00,6.360674,6.223196,109381190.9761,6.241526
593,AKBNK,2015-12-09 01:00:00,6.452326,6.241526,130354083.8535,6.424831
594,AKBNK,2015-12-10 01:00:00,6.479823,6.186535,160620247.1693,6.232361
595,AKBNK,2015-12-11 01:00:00,6.250692,5.929909,215468117.276,5.939073
596,AKBNK,2015-12-14 01:00:00,6.113213,5.874917,117848820.2414,5.911578
597,AKBNK,2015-12-15 01:00:00,6.232361,5.966569,185729238.4541,6.15904
598,AKBNK,2015-12-16 01:00:00,6.296518,6.122379,171514659.4951,6.278187
599,AKBNK,2015-12-17 01:00:00,6.415666,6.241526,206360978.3224,6.324013
600,AKBNK,2015-12-18 01:00:00,6.324013,6.168205,136053704.1831,6.204866
601,AKBNK,2015-12-21 01:00:00,6.38817,6.232361,121648256.4884,6.305683
602,AKBNK,2015-12-22 01:00:00,6.333179,6.177369,116893363.4385,6.296518
603,AKBNK,2015-12-23 01:00:00,6.488988,6.379005,142824343.0073,6.461492
604,AKBNK,2015-12-24 01:00:00,6.553144,6.415666,90615108.1965,6.525649
605,AKBNK,2015-12-25 01:00:00,6.553144,6.488988,24085369.2678,6.543979
606,AKBNK,2015-12-28 01:00:00,6.589805,6.516483,81520955.6955,6.516483
607,AKBNK,2015-12-29 01:00:00,6.56231,6.479823,77352864.3062,6.488988
608,AKBNK,2015-12-30 01:00:00,6.525649,6.324013,122435334.2729,6.35151
609,AKBNK,2015-12-31 01:00:00,6.36984,6.122379,185501179.2792,6.140709
610,AKBNK,2016-01-04 01:00:00,6.039891,5.939073,128513921.2472,6.030725
611,AKBNK,2016-01-05 01:00:00,6.113213,5.911578,231318410.1782,5.994065
612,AKBNK,2016-01-06 01:00:00,6.085717,5.911578,203733850.1069,6.085717
613,AKBNK,2016-01-07 01:00:00,6.140709,5.939073,197143400.3509,6.122379
614,AKBNK,2016-01-08 01:00:00,6.324013,6.076552,299855413.6585,6.149874
615,AKBNK,2016-01-11 01:00:00,6.278187,6.085717,167489109.4045,6.204866
616,AKBNK,2016-01-12 01:00:00,6.333179,6.140709,217234693.8189,6.269022
617,AKBNK,2016-01-13 01:00:00,6.470657,6.305683,258562446.1894,6.4065
618,AKBNK,2016-01-14 01:00:00,6.470657,6.351509,287589828.0,6.433996
619,AKBNK,2016-01-15 01:00:00,6.498153,6.259857,270258981.0,6.333179
620,AKBNK,2016-01-18 01:00:00,6.379005,6.287352,169844360.0,6.333179
621,AKBNK,2016-01-19 01:00:00,6.406501,6.278187,192932433.0,6.296518
622,AKBNK,2016-01-20 01:00:00,6.278187,6.085717,216780301.0,6.094883
623,AKBNK,2016-01-21 01:00:00,6.140709,5.975734,286137270.0,6.00323
624,AKBNK,2016-01-22 01:00:00,6.241526,6.094883,213127999.0,6.214031
625,AKBNK,2016-01-25 01:00:00,6.314848,6.17737,157301086.0,6.232361
626,AKBNK,2016-01-26 01:00:00,6.470657,6.168204,209407471.0,6.461492
627,AKBNK,2016-01-27 01:00:00,6.534814,6.360674,211823419.0,6.415666
628,AKBNK,2016-01-28 01:00:00,6.507318,6.38817,317665058.0,6.397335
629,AKBNK,2016-01-29 01:00:00,6.589805,6.479823,242849682.0,6.589805
630,AKBNK,2016-02-01 01:00:00,6.589805,6.488988,179637501.0,6.589805
631,AKBNK,2016-02-02 01:00:00,6.635631,6.443162,192482185.0,6.443162
632,AKBNK,2016-02-03 01:00:00,6.663127,6.38817,239417095.0,6.635631
633,AKBNK,2016-02-04 01:00:00,6.873928,6.718119,322400942.0,6.828101
634,AKBNK,2016-02-05 01:00:00,6.846432,6.708953,211190550.0,6.727284
635,AKBNK,2016-02-08 01:00:00,6.828101,6.516483,228529252.0,6.525649
636,AKBNK,2016-02-09 01:00:00,6.617301,6.397335,241006021.0,6.598971
637,AKBNK,2016-02-10 01:00:00,6.663127,6.470657,167161716.0,6.56231
638,AKBNK,2016-02-11 01:00:00,6.56231,6.38817,258785746.0,6.534814
639,AKBNK,2016-02-12 01:00:00,6.635631,6.525649,168802023.0,6.56231
640,AKBNK,2016-02-15 01:00:00,6.626466,6.424831,173356409.0,6.525649
641,AKBNK,2016-02-16 01:00:00,6.608136,6.424831,206602553.0,6.452327
642,AKBNK,2016-02-17 01:00:00,6.626466,6.397335,194168828.0,6.617301
643,AKBNK,2016-02-18 01:00:00,6.653962,6.534814,168504896.0,6.635631
644,AKBNK,2016-02-19 01:00:00,6.617301,6.516483,93239215.3479,6.543979
645,AKBNK,2016-02-22 01:00:00,6.75478,6.59897,120837018.8205,6.75478
646,AKBNK,2016-02-23 01:00:00,6.901424,6.718119,196664335.9124,6.883093
647,AKBNK,2016-02-24 01:00:00,6.919753,6.699788,144399186.0097,6.708953
648,AKBNK,2016-02-25 01:00:00,6.855597,6.718119,116685544.7215,6.79144
649,AKBNK,2016-02-26 01:00:00,6.938084,6.79144,132556527.7418,6.828101
650,AKBNK,2016-02-29 01:00:00,6.828101,6.718119,197169508.0,6.77311
651,AKBNK,2016-03-01 01:00:00,6.828101,6.727284,137062790.0,6.782275
652,AKBNK,2016-03-02 01:00:00,6.910589,6.809771,182884930.0,6.901423
653,AKBNK,2016-03-03 01:00:00,6.956415,6.818936,165317265.0,6.873928
654,AKBNK,2016-03-04 01:00:00,6.892258,6.782275,186840683.0,6.892258
655,AKBNK,2016-03-07 01:00:00,6.94725,6.828101,179987690.0,6.883093
656,AKBNK,2016-03-08 01:00:00,7.048067,6.837267,297511071.0,7.020571
657,AKBNK,2016-03-09 01:00:00,7.213041,6.96558,187951265.0885,7.213041
658,AKBNK,2016-03-10 01:00:00,7.35052,7.13972,247714913.5675,7.286364
659,AKBNK,2016-03-11 01:00:00,7.368851,7.240537,162621390.0154,7.286364
660,AKBNK,2016-03-14 01:00:00,7.396346,7.277198,174215545.3927,7.368851
661,AKBNK,2016-03-15 01:00:00,7.359685,7.103058,249865509.439,7.130554
662,AKBNK,2016-03-16 01:00:00,7.176381,7.011406,159253292.8735,7.084728
663,AKBNK,2016-03-17 01:00:00,7.423842,7.231372,242482877.4413,7.423842
664,AKBNK,2016-03-18 01:00:00,7.524659,7.359685,193406270.3138,7.524659
665,AKBNK,2016-03-21 01:00:00,7.497164,7.405512,163686433.4954,7.469669
666,AKBNK,2016-03-22 01:00:00,7.396346,7.13972,299999786.1957,7.213041
667,AKBNK,2016-03-23 01:00:00,7.286364,7.185546,210396626.111,7.213041
668,AKBNK,2016-03-24 01:00:00,7.414677,7.194711,167189987.6319,7.396346
669,AKBNK,2016-03-25 01:00:00,7.423842,7.35052,35199049.8653,7.35052
670,AKBNK,2016-03-28 00:00:00,7.359685,7.249702,73830866.4346,7.286364
671,AKBNK,2016-03-29 00:00:00,7.378016,7.258868,212390414.2817,7.268033
672,AKBNK,2016-03-30 00:00:00,7.492238,7.342767,202505875.3032,7.473554
673,AKBNK,2016-03-31 00:00:00,7.54829,7.436187,168893610.7995,7.492238
674,AKBNK,2016-04-01 00:00:00,7.492238,7.324083,138357920.8253,7.352109
675,AKBNK,2016-04-04 00:00:00,7.538948,7.389477,138588678.9197,7.538948
676,AKBNK,2016-04-05 00:00:00,7.510922,7.370793,148086907.1246,7.45487
677,AKBNK,2016-04-06 00:00:00,7.492238,7.324083,158151134.6967,7.324083
678,AKBNK,2016-04-07 00:00:00,7.417502,7.296058,121032123.3737,7.333425
679,AKBNK,2016-04-08 00:00:00,7.436187,7.305399,171178522.7371,7.436187
680,AKBNK,2016-04-11 00:00:00,7.623026,7.417502,207019711.2204,7.585658
681,AKBNK,2016-04-12 00:00:00,7.669735,7.50158,157989048.0436,7.585658
682,AKBNK,2016-04-13 00:00:00,7.893942,7.613683,257658563.0,7.875258
683,AKBNK,2016-04-14 00:00:00,7.921967,7.819206,140120555.0,7.903283
684,AKBNK,2016-04-15 00:00:00,7.931309,7.79118,150987664.0,7.931309
685,AKBNK,2016-04-18 00:00:00,8.136832,7.856574,187573409.0,8.136832
686,AKBNK,2016-04-19 00:00:00,8.22091,8.071438,198455650.4731,8.118148
687,AKBNK,2016-04-20 00:00:00,8.202225,7.940652,270657268.8661,7.949993
688,AKBNK,2016-04-21 00:00:00,8.080781,7.903284,153741638.1435,7.978019
689,AKBNK,2016-04-22 00:00:00,8.015387,7.884599,170574444.1568,7.931309
690,AKBNK,2016-04-25 00:00:00,7.931309,7.763155,123972673.3205,7.800523
691,AKBNK,2016-04-26 00:00:00,8.015387,7.763155,197753330.2653,8.006045
692,AKBNK,2016-04-27 00:00:00,8.127491,7.978019,157091259.9112,7.996703
693,AKBNK,2016-04-28 00:00:00,8.052755,7.893942,178356521.0305,8.052755
694,AKBNK,2016-04-29 00:00:00,8.080781,7.968677,155966869.9245,8.034071
695,AKBNK,2016-05-02 00:00:00,8.024728,7.828548,118078515.067,7.847232
696,AKBNK,2016-05-03 00:00:00,7.903284,7.492238,267747159.6629,7.529606
697,AKBNK,2016-05-04 00:00:00,7.632367,7.25869,371713786.0615,7.268031
698,AKBNK,2016-05-05 00:00:00,7.333425,7.015799,320705664.3752,7.137244
699,AKBNK,2016-05-06 00:00:00,7.202638,6.941064,257455404.0709,7.127902
700,AKBNK,2016-05-09 00:00:00,7.314741,7.183954,133062947.6227,7.240005
701,AKBNK,2016-05-10 00:00:00,7.324083,7.155929,146091137.1895,7.155929
702,AKBNK,2016-05-11 00:00:00,7.249348,7.025141,231017833.0026,7.221322
703,AKBNK,2016-05-12 00:00:00,7.342767,7.183954,198502160.0,7.193296
704,AKBNK,2016-05-13 00:00:00,7.286715,7.127902,149430581.0,7.183954
705,AKBNK,2016-05-16 00:00:00,7.249347,6.987773,148245394.0,7.006457
706,AKBNK,2016-05-17 00:00:00,7.137244,6.978431,171107485.0,7.109218
707,AKBNK,2016-05-18 00:00:00,7.202638,7.025141,183282365.0,7.202638
708,AKBNK,2016-05-20 00:00:00,7.249347,7.006457,219637185.0,7.006457
709,AKBNK,2016-05-23 00:00:00,7.183954,7.006457,128916559.0,7.155928
710,AKBNK,2016-05-24 00:00:00,7.557631,7.118561,278350217.16,7.520263
711,AKBNK,2016-05-25 00:00:00,7.604341,7.408161,152352127.017,7.408161
712,AKBNK,2016-05-26 00:00:00,7.445528,7.268031,149914647.99,7.370793
713,AKBNK,2016-05-27 00:00:00,7.482896,7.361451,106765500.8102,7.426844
714,AKBNK,2016-05-30 00:00:00,7.538948,7.417503,83655967.0,7.473554
715,AKBNK,2016-05-31 00:00:00,7.585658,7.445528,174897121.0,7.445528
716,AKBNK,2016-06-01 00:00:00,7.473554,7.352109,130626743.0,7.380135
717,AKBNK,2016-06-02 00:00:00,7.436186,7.25869,158196564.0,7.277373
718,AKBNK,2016-06-03 00:00:00,7.529606,7.286715,204850438.0,7.473554
719,AKBNK,2016-06-06 00:00:00,7.566974,7.473554,119518058.0,7.538948
720,AKBNK,2016-06-07 00:00:00,7.594999,7.370793,210908211.0,7.370793
721,AKBNK,2016-06-08 00:00:00,7.529606,7.286715,186845197.0,7.520264
722,AKBNK,2016-06-09 00:00:00,7.54829,7.380135,136134973.0,7.398819
723,AKBNK,2016-06-10 00:00:00,7.445528,7.314741,116627361.0,7.333425
724,AKBNK,2016-06-13 00:00:00,7.314741,7.174612,152849603.0,7.314741
725,AKBNK,2016-06-14 00:00:00,7.417503,7.221322,187513535.0,7.277373
726,AKBNK,2016-06-15 00:00:00,7.398819,7.324083,115203254.0436,7.333425
727,AKBNK,2016-06-16 00:00:00,7.314741,7.183954,129503981.7451,7.183954
728,AKBNK,2016-06-17 00:00:00,7.45487,7.240005,215638479.9762,7.408161
729,AKBNK,2016-06-20 00:00:00,7.660393,7.529606,144981176.5947,7.660393
730,AKBNK,2016-06-21 00:00:00,7.725787,7.641709,133695702.8216,7.688419
731,AKBNK,2016-06-22 00:00:00,7.753812,7.641709,126246750.0,7.641709
732,AKBNK,2016-06-23 00:00:00,7.865916,7.660393,161111493.0,7.828548
733,AKBNK,2016-06-24 00:00:00,7.632367,7.342767,199234513.0,7.632367
734,AKBNK,2016-06-27 00:00:00,7.735129,7.538948,201496019.0,7.576315
735,AKBNK,2016-06-28 00:00:00,7.716445,7.632367,165207747.0,7.669735
736,AKBNK,2016-06-29 00:00:00,7.707103,7.576315,148677575.0,7.604341
737,AKBNK,2016-06-30 00:00:00,7.707103,7.594999,182882100.0,7.688419
738,AKBNK,2016-07-01 00:00:00,7.828548,7.707103,146382707.0,7.828548
739,AKBNK,2016-07-04 00:00:00,7.875258,7.79118,40637752.2747,7.875258
740,AKBNK,2016-07-08 00:00:00,7.893942,7.772496,260416206.9395,7.772496
741,AKBNK,2016-07-11 00:00:00,7.884599,7.800523,162802069.0118,7.83789
742,AKBNK,2016-07-12 00:00:00,8.286303,7.828548,347277277.3032,8.248935
743,AKBNK,2016-07-13 00:00:00,8.304987,8.202225,146758573.7433,8.248935
744,AKBNK,2016-07-14 00:00:00,8.304987,8.183542,176020904.8811,8.258277
745,AKBNK,2016-07-15 00:00:00,8.351697,8.211567,136948982.2725,8.333013
746,AKBNK,2016-07-18 00:00:00,8.22091,7.538948,460467708.0,7.679077
747,AKBNK,2016-07-19 00:00:00,7.725787,7.426844,588895615.0,7.445528
748,AKBNK,2016-07-20 00:00:00,7.529606,7.202638,405107831.0,7.202638
749,AKBNK,2016-07-21 00:00:00,7.155928,6.903696,335454181.0,6.931722
750,AKBNK,2016-07-22 00:00:00,7.062509,6.810276,266410267.0,6.950405
751,AKBNK,2016-07-25 00:00:00,7.183954,6.978431,233321307.0,7.146586
752,AKBNK,2016-07-26 00:00:00,7.21198,6.959747,198849900.0,6.978431
753,AKBNK,2016-07-27 00:00:00,7.146586,7.015799,208061391.0,7.146586
754,AKBNK,2016-07-28 00:00:00,7.240006,7.071851,258523684.0,7.099876
755,AKBNK,2016-07-29 00:00:00,7.21198,7.034483,214874503.0,7.193296
756,AKBNK,2016-08-01 00:00:00,7.333425,7.230664,150941558.0,7.296057
757,AKBNK,2016-08-02 00:00:00,7.296058,7.146586,208541858.6591,7.146586
758,AKBNK,2016-08-03 00:00:00,7.16527,7.006457,154688570.5794,7.025141
759,AKBNK,2016-08-04 00:00:00,7.25869,6.987773,219863935.1492,7.249348
760,AKBNK,2016-08-05 00:00:00,7.305399,7.118561,181406267.4375,7.21198
761,AKBNK,2016-08-08 00:00:00,7.566973,7.342767,205009977.8526,7.492238
762,AKBNK,2016-08-09 00:00:00,7.641709,7.473554,248928540.4742,7.566973
763,AKBNK,2016-08-10 00:00:00,7.604341,7.445528,212300635.6603,7.520263
764,AKBNK,2016-08-11 00:00:00,7.641709,7.492238,184627991.1027,7.641709
765,AKBNK,2016-08-12 00:00:00,7.716445,7.54829,150837456.0167,7.585658
766,AKBNK,2016-08-15 00:00:00,7.688419,7.585658,92888760.0,7.623025
767,AKBNK,2016-08-16 00:00:00,7.669735,7.464212,150983632.0,7.464212
768,AKBNK,2016-08-17 00:00:00,7.604341,7.445528,127664270.0,7.54829
769,AKBNK,2016-08-18 00:00:00,7.660393,7.566973,134618344.9823,7.594999
770,AKBNK,2016-08-19 00:00:00,7.660393,7.520263,120992879.2629,7.660393
771,AKBNK,2016-08-22 00:00:00,7.623026,7.566973,105878328.1081,7.594999
772,AKBNK,2016-08-23 00:00:00,7.641709,7.492238,158698897.4219,7.50158
773,AKBNK,2016-08-24 00:00:00,7.352109,7.202638,235306011.4476,7.249348
774,AKBNK,2016-08-25 00:00:00,7.361451,7.268031,170060733.8376,7.314741
775,AKBNK,2016-08-26 00:00:00,7.482896,7.296058,157948979.3962,7.464212
776,AKBNK,2016-08-29 00:00:00,7.408161,7.305399,77155255.4626,7.324083
777,AKBNK,2016-08-31 00:00:00,7.408161,7.305399,122397644.3179,7.305399
778,AKBNK,2016-09-01 00:00:00,7.408161,7.314741,138833139.0,7.370793
779,AKBNK,2016-09-02 00:00:00,7.529606,7.361451,150640131.0,7.492238
780,AKBNK,2016-09-05 00:00:00,7.707103,7.529606,138235525.0,7.651051
781,AKBNK,2016-09-06 00:00:00,7.716445,7.632367,161620723.0,7.679077
782,AKBNK,2016-09-07 00:00:00,7.716445,7.594999,129170583.0,7.632367
783,AKBNK,2016-09-08 00:00:00,7.735129,7.632367,162403178.0,7.697761
784,AKBNK,2016-09-09 00:00:00,7.669735,7.520264,157554756.0,7.520264
785,AKBNK,2016-09-16 00:00:00,7.604341,7.50158,151464499.0,7.50158
786,AKBNK,2016-09-19 00:00:00,7.735129,7.557632,154111520.0,7.735129
787,AKBNK,2016-09-20 00:00:00,7.744471,7.632367,138026994.0,7.660393
788,AKBNK,2016-09-21 00:00:00,7.753812,7.623025,180297230.0,7.707103
789,AKBNK,2016-09-22 00:00:00,7.912625,7.800522,200569047.0,7.865916
790,AKBNK,2016-09-23 00:00:00,7.903283,7.828548,142674446.0,7.847232
791,AKBNK,2016-09-26 00:00:00,7.538948,7.314741,261253780.0,7.436186
792,AKBNK,2016-09-27 00:00:00,7.594999,7.436186,175088982.0,7.594999
793,AKBNK,2016-09-28 00:00:00,7.763154,7.585658,158215347.0,7.763154
794,AKBNK,2016-09-29 00:00:00,7.763154,7.566974,165537119.0,7.594999
795,AKBNK,2016-09-30 00:00:00,7.54829,7.426844,164289364.4356,7.510922
796,AKBNK,2016-10-03 00:00:00,7.641709,7.54829,138009813.904,7.641709
797,AKBNK,2016-10-04 00:00:00,7.651051,7.510922,187126600.8955,7.557631
798,AKBNK,2016-10-05 00:00:00,7.604341,7.445528,192931536.0,7.594999
799,AKBNK,2016-10-06 00:00:00,7.679077,7.557632,155610094.0,7.594999
800,AKBNK,2016-10-07 00:00:00,7.651051,7.538948,143691321.0,7.566974
801,AKBNK,2016-10-10 00:00:00,7.641709,7.566974,103952725.0,7.585658
802,AKBNK,2016-10-11 00:00:00,7.604341,7.520264,127578095.0,7.594999
803,AKBNK,2016-10-12 00:00:00,7.641709,7.538948,143612971.0,7.576315
804,AKBNK,2016-10-13 00:00:00,7.594999,7.361451,220941124.0,7.417503
805,AKBNK,2016-10-14 00:00:00,7.529606,7.408161,173228152.0,7.520264
806,AKBNK,2016-10-17 00:00:00,7.566974,7.45487,120724730.0,7.520264
807,AKBNK,2016-10-18 00:00:00,7.772496,7.576315,247096735.0,7.763154
808,AKBNK,2016-10-19 00:00:00,7.865916,7.781838,149909778.4297,7.847232
809,AKBNK,2016-10-20 00:00:00,7.893942,7.800523,169059338.8366,7.865916
810,AKBNK,2016-10-21 00:00:00,7.875258,7.800522,85987120.0,7.819206
811,AKBNK,2016-10-24 00:00:00,7.912625,7.83789,140466316.0,7.8846
812,AKBNK,2016-10-25 00:00:00,7.912625,7.744471,229323842.0,7.753812
813,AKBNK,2016-10-26 00:00:00,7.800522,7.707103,215886845.0,7.781838
814,AKBNK,2016-10-27 00:00:00,7.800522,7.632367,163504523.0,7.651051
815,AKBNK,2016-10-28 00:00:00,7.688419,7.623025,62005397.0,7.651051
816,AKBNK,2016-10-31 00:00:00,7.74447,7.679077,86496768.9667,7.725787
817,AKBNK,2016-11-01 00:00:00,7.79118,7.585658,139606031.5817,7.604341
818,AKBNK,2016-11-02 00:00:00,7.651051,7.54829,136992927.2011,7.557631
819,AKBNK,2016-11-03 00:00:00,7.613683,7.436187,140894103.604,7.436187
820,AKBNK,2016-11-04 00:00:00,7.380134,7.16527,212525876.0702,7.193296
821,AKBNK,2016-11-07 00:00:00,7.389477,7.277373,161715031.4954,7.314741
822,AKBNK,2016-11-08 00:00:00,7.380134,7.249348,135851649.5527,7.380134
823,AKBNK,2016-11-09 00:00:00,7.426844,7.193296,199754367.6475,7.389477
824,AKBNK,2016-11-10 00:00:00,7.492238,7.417502,197559093.3932,7.417502
825,AKBNK,2016-11-11 00:00:00,7.436187,7.221322,165694269.4701,7.230663
826,AKBNK,2016-11-14 00:00:00,7.296058,7.202638,130325092.7604,7.221322
827,AKBNK,2016-11-15 00:00:00,7.380134,7.25869,154451116.4802,7.370793
828,AKBNK,2016-11-16 00:00:00,7.408161,7.221322,154754296.699,7.268031
829,AKBNK,2016-11-17 00:00:00,7.370793,7.249348,141520035.2825,7.268031
830,AKBNK,2016-11-18 00:00:00,7.380135,7.193296,192551780.0,7.361451
831,AKBNK,2016-11-21 00:00:00,7.389477,7.277373,116274786.0,7.305399
832,AKBNK,2016-11-22 00:00:00,7.473554,7.296057,216917562.0,7.445528
833,AKBNK,2016-11-23 00:00:00,7.492238,7.277373,119637985.0,7.277373
834,AKBNK,2016-11-24 00:00:00,7.380135,7.090535,209344898.0,7.137244
835,AKBNK,2016-11-25 00:00:00,7.193296,7.071851,170322595.0,7.16527
836,AKBNK,2016-11-28 00:00:00,7.305399,7.21198,98827768.0,7.249347
837,AKBNK,2016-11-29 00:00:00,7.277373,7.137244,142261907.0,7.146586
838,AKBNK,2016-11-30 00:00:00,7.21198,7.043825,171643167.3714,7.053166
839,AKBNK,2016-12-01 00:00:00,7.090534,6.941064,160072991.63,6.969089
840,AKBNK,2016-12-02 00:00:00,7.034483,6.885012,383923296.9962,6.941064
841,AKBNK,2016-12-05 00:00:00,6.978432,6.847644,306470522.8138,6.885012
842,AKBNK,2016-12-06 00:00:00,7.099876,6.922379,312343467.0,7.081193
843,AKBNK,2016-12-07 00:00:00,7.21198,7.053167,238055221.0,7.183954
844,AKBNK,2016-12-08 00:00:00,7.25869,7.053167,231959287.0,7.137244
845,AKBNK,2016-12-09 00:00:00,7.183954,7.081193,134584050.0,7.081193
846,AKBNK,2016-12-12 00:00:00,7.155928,6.959747,147560785.0,7.127902
847,AKBNK,2016-12-13 00:00:00,7.296057,7.099876,199595838.0,7.296057
848,AKBNK,2016-12-14 00:00:00,7.370793,7.249347,164054140.0,7.361451
849,AKBNK,2016-12-15 00:00:00,7.436186,7.286715,205869683.0,7.436186
850,AKBNK,2016-12-16 00:00:00,7.45487,7.324083,177133693.0,7.333425
851,AKBNK,2016-12-19 00:00:00,7.398819,7.277373,126213760.0,7.277373
852,AKBNK,2016-12-20 00:00:00,7.342767,7.240006,135956833.0,7.333425
853,AKBNK,2016-12-21 00:00:00,7.398819,7.286715,188647271.0,7.296057
854,AKBNK,2016-12-22 00:00:00,7.333425,7.25869,137453879.0,7.268031
855,AKBNK,2016-12-23 00:00:00,7.305399,7.193296,94480677.0,7.21198
856,AKBNK,2016-12-26 00:00:00,7.240006,7.202638,18233543.0,7.221322
857,AKBNK,2016-12-27 00:00:00,7.249347,7.137244,46396298.0,7.16527
858,AKBNK,2016-12-28 00:00:00,7.277373,7.137244,83595384.0,7.277373
859,AKBNK,2016-12-29 00:00:00,7.305399,7.240005,45950455.8921,7.25869
860,AKBNK,2016-12-30 00:00:00,7.324083,7.25869,60940551.8643,7.305399
861,AKBNK,2017-01-02 00:00:00,7.305399,7.25869,48297889.0,7.25869
862,AKBNK,2017-01-03 00:00:00,7.324083,7.109218,236561238.0,7.109218
863,AKBNK,2017-01-04 00:00:00,7.16527,7.006457,186728003.0,7.006457
864,AKBNK,2017-01-05 00:00:00,7.099876,6.978431,170274898.0,7.006457
865,AKBNK,2017-01-06 00:00:00,7.155928,6.978431,157963193.0,7.146586
866,AKBNK,2017-01-09 00:00:00,7.221322,7.090535,148912308.0,7.155928
867,AKBNK,2017-01-10 00:00:00,7.183954,6.978431,379119354.0,6.978431
868,AKBNK,2017-01-11 00:00:00,6.987773,6.885012,446685980.0,6.941063
869,AKBNK,2017-01-12 00:00:00,7.398819,6.959747,1021550917.0,7.333425
870,AKBNK,2017-01-13 00:00:00,7.361451,7.221322,442171576.0,7.286715
871,AKBNK,2017-01-16 00:00:00,7.352109,7.21198,434188731.0,7.221322
872,AKBNK,2017-01-17 00:00:00,7.342767,7.202638,413116203.1045,7.314741
873,AKBNK,2017-01-18 00:00:00,7.417502,7.305399,516352489.4296,7.361451
874,AKBNK,2017-01-19 00:00:00,7.426844,7.25869,303926279.0,7.268031
875,AKBNK,2017-01-20 00:00:00,7.426844,7.25869,222515393.0,7.398819
876,AKBNK,2017-01-23 00:00:00,7.445528,7.314741,211824355.0,7.324083
877,AKBNK,2017-01-24 00:00:00,7.445528,7.277373,262023685.0,7.445528
878,AKBNK,2017-01-25 00:00:00,7.426844,7.296057,161967711.0,7.342767
879,AKBNK,2017-01-26 00:00:00,7.50158,7.305399,260522790.0,7.50158
880,AKBNK,2017-01-27 00:00:00,7.529606,7.370793,171362184.0,7.398819
881,AKBNK,2017-01-30 00:00:00,7.809864,7.389477,394712765.0,7.79118
882,AKBNK,2017-01-31 00:00:00,7.921967,7.753812,296488891.0,7.847232
883,AKBNK,2017-02-01 00:00:00,7.912625,7.744471,240185012.0,7.893942
884,AKBNK,2017-02-02 00:00:00,8.090122,7.903283,267771945.0,8.090122
885,AKBNK,2017-02-03 00:00:00,8.239593,7.996703,279542674.0,8.230251
886,AKBNK,2017-02-06 00:00:00,8.426432,8.062097,453257917.0,8.062097
887,AKBNK,2017-02-07 00:00:00,8.164858,8.006045,166801396.0,8.108806
888,AKBNK,2017-02-08 00:00:00,8.258277,8.08078,192211574.0,8.230251
889,AKBNK,2017-02-09 00:00:00,8.323671,8.136832,247137440.0,8.286303
890,AKBNK,2017-02-10 00:00:00,8.333013,8.062097,197913378.0,8.062097
891,AKBNK,2017-02-13 00:00:00,8.314329,8.071438,173071593.0,8.286303
892,AKBNK,2017-02-14 00:00:00,8.342355,8.164858,260450212.0,8.323671
893,AKBNK,2017-02-15 00:00:00,8.379722,8.202225,212456288.0509,8.202225
894,AKBNK,2017-02-16 00:00:00,8.304987,8.230251,114352636.0,8.267619
895,AKBNK,2017-02-17 00:00:00,8.435774,8.248935,255619385.0,8.389064
896,AKBNK,2017-02-20 00:00:00,8.501168,8.342355,188487943.0,8.351697
897,AKBNK,2017-02-21 00:00:00,8.4638,8.342355,162763062.0,8.370381
898,AKBNK,2017-02-22 00:00:00,8.389064,8.1742,239125884.0,8.211568
899,AKBNK,2017-02-23 00:00:00,8.333013,8.239593,235488637.0,8.239593
900,AKBNK,2017-02-24 00:00:00,8.295645,8.136832,171870261.0,8.192884
901,AKBNK,2017-02-27 00:00:00,8.258277,8.164858,101677263.0,8.164858
902,AKBNK,2017-02-28 00:00:00,8.183542,8.052755,184524914.0,8.118148
903,AKBNK,2017-03-01 00:00:00,8.361039,8.12749,219853841.0,8.351697
904,AKBNK,2017-03-02 00:00:00,8.4638,8.333013,158776449.0,8.41709
905,AKBNK,2017-03-03 00:00:00,8.4638,8.333013,183059068.0,8.398407
906,AKBNK,2017-03-05 00:00:00,8.4638,8.333013,182966685.8579,8.398407
907,AKBNK,2017-03-06 00:00:00,8.697349,8.445116,176539034.0,8.650639
908,AKBNK,2017-03-07 00:00:00,8.706691,8.454458,166159082.0,8.529194
909,AKBNK,2017-03-08 00:00:00,8.547878,8.267619,218412557.0,8.342355
910,AKBNK,2017-03-09 00:00:00,8.314329,8.155516,192042163.0,8.211568
911,AKBNK,2017-03-10 00:00:00,8.333013,8.22091,148999604.0,8.286303
912,AKBNK,2017-03-13 00:00:00,8.314329,8.211568,93331836.0,8.295645
913,AKBNK,2017-03-14 00:00:00,8.314329,8.183542,121516260.0,8.183542
914,AKBNK,2017-03-15 00:00:00,8.304987,8.211568,120740078.0,8.258277
915,AKBNK,2017-03-16 00:00:00,8.435774,8.314329,227380646.0,8.333013
916,AKBNK,2017-03-17 00:00:00,8.41709,8.286303,201689857.0,8.323671
917,AKBNK,2017-03-20 00:00:00,8.361039,8.258277,93417008.0,8.361039
918,AKBNK,2017-03-21 00:00:00,8.435774,8.276961,171492321.0,8.276961
919,AKBNK,2017-03-22 00:00:00,8.267619,8.146174,142807535.0,8.202226
920,AKBNK,2017-03-23 00:00:00,8.239593,8.146174,113490628.0,8.146174
921,AKBNK,2017-03-24 00:00:00,8.304987,8.136832,148947935.0,8.304987
922,AKBNK,2017-03-27 00:00:00,8.286303,8.22091,126191530.0,8.230251
923,AKBNK,2017-03-28 00:00:00,8.304987,8.239593,148685747.0,8.276961
924,AKBNK,2017-03-29 00:00:00,8.22091,8.136832,211942654.0,8.202226
925,AKBNK,2017-03-30 00:00:00,8.283717,8.197429,145136285.3664,8.197429
926,AKBNK,2017-03-31 00:00:00,8.264542,8.178253,126887341.4445,8.178253
927,AKBNK,2017-04-03 00:00:00,8.216604,8.120727,102212095.0,8.120727
928,AKBNK,2017-04-04 00:00:00,8.226192,8.101552,164654812.0,8.178253
929,AKBNK,2017-04-05 00:00:00,8.302893,8.178253,187481664.0,8.293305
930,AKBNK,2017-04-06 00:00:00,8.293305,8.235779,86893992.3874,8.245367
931,AKBNK,2017-04-07 00:00:00,8.264542,8.197429,119460005.1773,8.207016
932,AKBNK,2017-04-10 00:00:00,8.724749,8.245367,387706824.4792,8.695986
933,AKBNK,2017-04-11 00:00:00,8.811037,8.657635,253547676.4365,8.657635
934,AKBNK,2017-04-12 00:00:00,8.772687,8.67681,139432736.9824,8.724749
935,AKBNK,2017-04-13 00:00:00,8.763099,8.542583,164600489.9282,8.580934
936,AKBNK,2017-04-14 00:00:00,8.753511,8.504233,126982341.4924,8.715161
937,AKBNK,2017-04-17 00:00:00,8.820625,8.63846,198805570.4164,8.715161
938,AKBNK,2017-04-18 00:00:00,9.587636,8.686398,394220415.9116,8.878151
939,AKBNK,2017-04-19 00:00:00,8.926089,8.657635,263215432.0,8.743924
940,AKBNK,2017-04-20 00:00:00,8.906914,8.743924,324984694.0,8.887738
941,AKBNK,2017-04-21 00:00:00,8.974027,8.858975,175025681.0,8.926089
942,AKBNK,2017-04-24 00:00:00,9.261656,9.00279,292354775.0,9.213718
943,AKBNK,2017-04-25 00:00:00,9.36712,9.156192,313986310.0,9.300007
944,AKBNK,2017-04-26 00:00:00,9.32877,9.127429,362688542.0,9.16578
945,AKBNK,2017-04-27 00:00:00,9.271244,9.050728,198569275.0,9.050728
946,AKBNK,2017-04-28 00:00:00,9.156192,9.00279,171945553.0,9.117842
947,AKBNK,2017-05-02 00:00:00,9.20413,9.04114,218683405.0,9.04114
948,AKBNK,2017-05-03 00:00:00,9.108254,8.974027,152670275.0,9.012378
949,AKBNK,2017-05-04 00:00:00,9.223306,8.878151,302452517.0,8.887738
950,AKBNK,2017-05-05 00:00:00,8.954852,8.849388,278374909.0,8.916501
951,AKBNK,2017-05-08 00:00:00,8.993202,8.8398,242262625.0,8.858975
952,AKBNK,2017-05-09 00:00:00,8.993202,8.830213,286346578.0,8.993202
953,AKBNK,2017-05-10 00:00:00,9.04114,8.858975,284933355.0,9.04114
954,AKBNK,2017-05-11 00:00:00,9.069904,8.830213,213616936.0,8.868563
955,AKBNK,2017-05-12 00:00:00,8.916501,8.734336,234389168.0,8.811037
956,AKBNK,2017-05-15 00:00:00,8.897326,8.811037,186158965.0,8.849388
957,AKBNK,2017-05-16 00:00:00,8.935677,8.8398,269597432.4311,8.916501
958,AKBNK,2017-05-17 00:00:00,9.031553,8.830213,266711638.4311,8.945264
959,AKBNK,2017-05-18 00:00:00,8.926089,8.782274,201942233.0,8.868563
960,AKBNK,2017-05-22 00:00:00,8.993202,8.926089,212850705.0,8.964439
961,AKBNK,2017-05-23 00:00:00,9.127429,8.926089,259235640.0,9.117842
962,AKBNK,2017-05-24 00:00:00,9.462996,9.156192,422126514.0,9.280831
963,AKBNK,2017-05-25 00:00:00,9.300007,9.156192,225272550.0,9.271244
964,AKBNK,2017-05-26 00:00:00,9.271244,9.137017,147611813.0,9.16578
965,AKBNK,2017-05-29 00:00:00,9.271244,9.156192,66310921.0,9.232893
966,AKBNK,2017-05-30 00:00:00,9.242481,9.098666,150686004.0,9.108254
967,AKBNK,2017-05-31 00:00:00,9.280831,9.137017,209753931.4101,9.137017
968,AKBNK,2017-06-01 00:00:00,9.175367,9.069903,182297025.9154,9.137017
969,AKBNK,2017-06-02 00:00:00,9.261656,9.146605,175794038.4081,9.261656
970,AKBNK,2017-06-05 00:00:00,9.32877,9.156192,217898974.123,9.213718
971,AKBNK,2017-06-06 00:00:00,9.271244,9.156192,172129944.0,9.232893
972,AKBNK,2017-06-07 00:00:00,9.280831,9.108254,217378626.0,9.16578
973,AKBNK,2017-06-08 00:00:00,9.184955,9.089079,147356305.0,9.117842
974,AKBNK,2017-06-09 00:00:00,9.271244,9.175367,109337005.0,9.213718
975,AKBNK,2017-06-12 00:00:00,9.386295,9.20413,157925699.0,9.386295
976,AKBNK,2017-06-13 00:00:00,9.434234,9.309594,198824131.0,9.395883
977,AKBNK,2017-06-14 00:00:00,9.453409,9.32877,128639652.0,9.453409
978,AKBNK,2017-06-15 00:00:00,9.424646,9.300007,110996225.0,9.357532
979,AKBNK,2017-06-16 00:00:00,9.424646,9.319182,173122393.0,9.347945
980,AKBNK,2017-06-19 00:00:00,9.597223,9.395883,216494391.0,9.597223
981,AKBNK,2017-06-20 00:00:00,9.645162,9.472584,210379605.0,9.558873
982,AKBNK,2017-06-21 00:00:00,9.587636,9.453409,109188286.0,9.568461
983,AKBNK,2017-06-22 00:00:00,9.645162,9.520522,132627611.0,9.645162
984,AKBNK,2017-06-23 00:00:00,9.654749,9.501347,104341332.0,9.53011
985,AKBNK,2017-06-28 00:00:00,9.568461,9.462996,172629180.0,9.568461
986,AKBNK,2017-06-29 00:00:00,9.664337,9.472584,153210974.0,9.482172
987,AKBNK,2017-06-30 00:00:00,9.520522,9.395883,239707995.0,9.395883
988,AKBNK,2017-07-03 00:00:00,9.520522,9.386295,179343949.0,9.424646
989,AKBNK,2017-07-04 00:00:00,9.578048,9.405471,220175476.0,9.578048
990,AKBNK,2017-07-05 00:00:00,9.587636,9.443821,114187433.0,9.453409
991,AKBNK,2017-07-06 00:00:00,9.520522,9.405471,142061563.0,9.520522
992,AKBNK,2017-07-07 00:00:00,9.558873,9.443821,110278574.0,9.453409
993,AKBNK,2017-07-10 00:00:00,9.549285,9.453409,85472430.0,9.501347
994,AKBNK,2017-07-11 00:00:00,9.875265,9.491759,292083310.0,9.827327
995,AKBNK,2017-07-12 00:00:00,9.990317,9.750626,205965666.0,9.951966
996,AKBNK,2017-07-13 00:00:00,9.990317,9.779388,213403536.0,9.798564
997,AKBNK,2017-07-14 00:00:00,9.961554,9.817739,115947157.0,9.951966
998,AKBNK,2017-07-17 00:00:00,10.086193,9.913615,145992663.0,10.086193
999,AKBNK,2017-07-18 00:00:00,10.095781,9.923203,100302290.0,9.951966
1000,AKBNK,2017-07-19 00:00:00,10.191657,9.971141,205970432.0,10.162894
1001,AKBNK,2017-07-20 00:00:00,10.182069,10.019079,144409124.0,10.028667
1002,AKBNK,2017-07-21 00:00:00,9.999904,9.846502,162850512.0,9.990317
1003,AKBNK,2017-07-24 00:00:00,10.067018,9.932791,123153728.0,9.971141
1004,AKBNK,2017-07-25 00:00:00,10.038255,9.942378,176972528.0,9.942378
1005,AKBNK,2017-07-26 00:00:00,10.019079,9.932791,145494109.0,9.999904
1006,AKBNK,2017-07-27 00:00:00,10.124543,10.028667,184361983.0,10.095781
1007,AKBNK,2017-07-28 00:00:00,10.067018,9.980729,121250715.0,9.980729
1008,AKBNK,2017-07-31 00:00:00,10.05743,9.942378,137977737.0,10.028667
1009,AKBNK,2017-08-01 00:00:00,10.105368,9.846502,151890661.0,9.89444
1010,AKBNK,2017-08-02 00:00:00,10.019079,9.875265,123415602.0,9.961554
1011,AKBNK,2017-08-03 00:00:00,10.009492,9.913615,106452369.0,9.942378
1012,AKBNK,2017-08-04 00:00:00,10.124543,9.932791,124507685.0,10.124543
1013,AKBNK,2017-08-07 00:00:00,10.268358,10.162894,122161267.0,10.191657
1014,AKBNK,2017-08-08 00:00:00,10.277946,10.153306,116956362.0,10.172482
1015,AKBNK,2017-08-09 00:00:00,10.143719,9.971141,155810147.0,9.990317
1016,AKBNK,2017-08-10 00:00:00,10.067018,9.884852,162771882.0,9.904028
1017,AKBNK,2017-08-11 00:00:00,9.932791,9.741038,149144467.0,9.750626
1018,AKBNK,2017-08-14 00:00:00,10.067018,9.827327,121148393.0,10.038255
1019,AKBNK,2017-08-15 00:00:00,10.067018,9.798564,173171377.0,9.798564
1020,AKBNK,2017-08-16 00:00:00,9.951966,9.664337,234368126.0,9.798564
1021,AKBNK,2017-08-17 00:00:00,9.875265,9.664337,191208038.0,9.73145
1022,AKBNK,2017-08-18 00:00:00,9.702687,9.606811,103054455.0,9.6931
1023,AKBNK,2017-08-21 00:00:00,9.846502,9.645162,169441210.0,9.779388
1024,AKBNK,2017-08-22 00:00:00,9.884852,9.760213,160204917.0,9.779388
1025,AKBNK,2017-08-23 00:00:00,9.846502,9.760213,81342583.0,9.827327
1026,AKBNK,2017-08-24 00:00:00,9.999904,9.836914,172930078.0,9.913615
1027,AKBNK,2017-08-25 00:00:00,10.067018,9.884852,129077468.0,10.019079
1028,AKBNK,2017-08-28 00:00:00,10.067018,9.980729,96793025.0,10.067018
1029,AKBNK,2017-08-29 00:00:00,10.047842,9.951966,126609019.0,10.028667
1030,AKBNK,2017-08-31 00:00:00,10.047842,9.913615,67419606.0,9.913615
1031,AKBNK,2017-09-05 00:00:00,10.009492,9.817739,184925406.0,9.913615
1032,AKBNK,2017-09-06 00:00:00,9.999904,9.827327,223051180.0,9.836914
1033,AKBNK,2017-09-07 00:00:00,9.85609,9.73145,172879824.0,9.73145
1034,AKBNK,2017-09-08 00:00:00,9.769801,9.549285,158316116.0,9.616399
1035,AKBNK,2017-09-11 00:00:00,9.760213,9.654749,120789185.0,9.721863
1036,AKBNK,2017-09-12 00:00:00,9.788976,9.6931,149857862.0,9.769801
1037,AKBNK,2017-09-13 00:00:00,9.817739,9.664337,122365874.0,9.664337
1038,AKBNK,2017-09-14 00:00:00,9.827327,9.664337,147776593.0,9.779388
1039,AKBNK,2017-09-15 00:00:00,9.904028,9.741038,159841074.0,9.808151
1040,AKBNK,2017-09-18 00:00:00,9.846502,9.750626,91002799.0,9.750626
1041,AKBNK,2017-09-19 00:00:00,9.73145,9.501347,121791837.0,9.501347
1042,AKBNK,2017-09-20 00:00:00,9.539698,9.395883,143655213.0,9.443821
1043,AKBNK,2017-09-21 00:00:00,9.472584,9.309594,121162179.0,9.309594
1044,AKBNK,2017-09-22 00:00:00,9.520522,9.347945,134996118.0,9.520522
1045,AKBNK,2017-09-25 00:00:00,9.510935,9.36712,159183516.0,9.395883
1046,AKBNK,2017-09-26 00:00:00,9.53011,9.338357,174850839.0,9.501347
1047,AKBNK,2017-09-27 00:00:00,9.520522,8.954852,197720542.0,8.954852
1048,AKBNK,2017-09-28 00:00:00,9.156192,8.906914,336436305.0,9.060316
1049,AKBNK,2017-09-29 00:00:00,9.108254,9.012378,187332363.0,9.012378
1050,AKBNK,2017-10-02 00:00:00,9.098666,8.974027,146429154.0,9.069904
1051,AKBNK,2017-10-03 00:00:00,9.156192,9.031553,112616223.0,9.060316
1052,AKBNK,2017-10-04 00:00:00,9.309594,9.089079,152435164.0,9.223306
1053,AKBNK,2017-10-05 00:00:00,9.252069,9.117842,111836069.0,9.127429
1054,AKBNK,2017-10-06 00:00:00,9.137017,9.031553,114271106.0,9.069904
1055,AKBNK,2017-10-09 00:00:00,8.820625,8.552171,152424255.0,8.811037
1056,AKBNK,2017-10-10 00:00:00,9.098666,8.849388,140518196.0,9.079491
1057,AKBNK,2017-10-11 00:00:00,9.252069,8.954852,170575946.0,9.04114
1058,AKBNK,2017-10-12 00:00:00,9.290419,9.050728,130717478.0,9.290419
1059,AKBNK,2017-10-13 00:00:00,9.357532,9.127429,205116624.0,9.300007
1060,AKBNK,2017-10-16 00:00:00,9.376708,9.223306,207698932.0,9.232893
1061,AKBNK,2017-10-17 00:00:00,9.309594,9.194543,188299705.0,9.213718
1062,AKBNK,2017-10-18 00:00:00,9.271244,9.184955,138804193.0,9.194543
1063,AKBNK,2017-10-19 00:00:00,9.434234,9.213718,161136573.0,9.434234
1064,AKBNK,2017-10-20 00:00:00,9.520522,9.347945,148767910.0,9.386295
1065,AKBNK,2017-10-23 00:00:00,9.357532,9.127429,121099158.0,9.127429
1066,AKBNK,2017-10-24 00:00:00,9.194543,9.069904,114652046.0,9.117842
1067,AKBNK,2017-10-25 00:00:00,9.405471,9.137017,141561865.0,9.405471
1068,AKBNK,2017-10-26 00:00:00,9.462996,9.232893,143643541.0,9.232893
1069,AKBNK,2017-10-27 00:00:00,9.20413,9.108254,196024138.0,9.194543
1070,AKBNK,2017-10-30 00:00:00,9.386295,9.242481,124571500.0,9.300007
1071,AKBNK,2017-10-31 00:00:00,9.597223,9.300007,171537690.0,9.597223
1072,AKBNK,2017-11-01 00:00:00,10.086193,9.616399,253198680.0,9.971141
1073,AKBNK,2017-11-02 00:00:00,10.172482,9.875265,190414215.0,9.932791
1074,AKBNK,2017-11-03 00:00:00,9.923203,9.501347,192936289.0,9.568461
1075,AKBNK,2017-11-06 00:00:00,9.990317,9.558873,194235790.0,9.884852
1076,AKBNK,2017-11-07 00:00:00,9.89444,9.578048,148560824.0,9.635574
1077,AKBNK,2017-11-08 00:00:00,9.683512,9.395883,185496182.0,9.424646
1078,AKBNK,2017-11-09 00:00:00,9.558873,9.184955,139136227.0,9.242481
1079,AKBNK,2017-11-10 00:00:00,9.271244,9.127429,120451617.0,9.242481
1080,AKBNK,2017-11-13 00:00:00,9.462996,9.127429,152301897.0,9.386295
1081,AKBNK,2017-11-14 00:00:00,9.568461,9.271244,253639251.0,9.491759
1082,AKBNK,2017-11-15 00:00:00,9.558873,9.232893,164143372.0,9.232893
1083,AKBNK,2017-11-16 00:00:00,9.424646,9.16578,117773515.0,9.20413
1084,AKBNK,2017-11-17 00:00:00,9.290419,9.079491,128923850.0,9.16578
1085,AKBNK,2017-11-20 00:00:00,9.137017,8.715161,171079655.0,8.715161
1086,AKBNK,2017-11-21 00:00:00,8.811037,8.532996,220528220.0,8.686398
1087,AKBNK,2017-11-22 00:00:00,8.954852,8.590522,194674578.0,8.906914
1088,AKBNK,2017-11-23 00:00:00,9.04114,8.552171,180167900.0,8.619285
1089,AKBNK,2017-11-24 00:00:00,8.667223,8.504233,206433351.0,8.504233
1090,AKBNK,2017-11-27 00:00:00,8.648048,8.417944,202527689.0,8.532996
1091,AKBNK,2017-11-28 00:00:00,8.763099,8.370006,221642564.0,8.389181
1092,AKBNK,2017-11-29 00:00:00,8.561759,8.302893,136713000.0,8.542583
1093,AKBNK,2017-11-30 00:00:00,8.724749,8.47547,269992585.0,8.619285
1094,AKBNK,2017-12-01 00:00:00,8.628872,8.446707,165652097.0,8.456295
1095,AKBNK,2017-12-04 00:00:00,8.648048,8.408357,213276676.0,8.619285
1096,AKBNK,2017-12-05 00:00:00,8.772687,8.580934,366650101.0,8.705573
1097,AKBNK,2017-12-06 00:00:00,8.734336,8.523408,244167286.0,8.523408
1098,AKBNK,2017-12-07 00:00:00,8.609697,8.485058,211675574.0,8.552171
1099,AKBNK,2017-12-08 00:00:00,8.782274,8.504233,511689284.0,8.763099
1100,AKBNK,2017-12-11 00:00:00,9.031553,8.849388,398943897.0,8.964439
1101,AKBNK,2017-12-12 00:00:00,9.069904,8.887738,296746934.0,8.964439
1102,AKBNK,2017-12-13 00:00:00,9.089079,8.897326,218713233.0,8.906914
1103,AKBNK,2017-12-14 00:00:00,9.098666,8.935677,221203073.0,9.069904
1104,AKBNK,2017-12-15 00:00:00,9.069904,8.945264,191545683.0,8.964439
1105,AKBNK,2017-12-18 00:00:00,9.117842,8.993202,203100140.0,9.050728
1106,AKBNK,2017-12-19 00:00:00,9.137017,8.983615,128394251.0,8.983615
1107,AKBNK,2017-12-20 00:00:00,9.050728,8.906914,172517365.0,8.983615
1108,AKBNK,2017-12-21 00:00:00,9.069904,8.983615,113604540.0,9.012378
1109,AKBNK,2017-12-22 00:00:00,9.089079,8.964439,110049942.0,8.964439
1110,AKBNK,2017-12-25 00:00:00,9.031553,8.974027,23081153.0,9.00279
1111,AKBNK,2017-12-26 00:00:00,9.031553,8.983615,38381111.0,9.021965
1112,AKBNK,2017-12-27 00:00:00,9.079491,8.993202,100952771.0,9.012378
1113,AKBNK,2017-12-28 00:00:00,9.347945,9.04114,187438596.0,9.32877
1114,AKBNK,2017-12-29 00:00:00,9.539698,9.32877,175636275.0,9.443821
1115,AKBNK,2018-01-02 00:00:00,9.73145,9.453409,184900478.0,9.673925
1116,AKBNK,2018-01-03 00:00:00,9.788976,9.501347,168524311.0,9.53011
1117,AKBNK,2018-01-04 00:00:00,9.721863,9.184955,226069755.0,9.434234
1118,AKBNK,2018-01-05 00:00:00,9.683512,9.453409,194913712.0,9.635574
1119,AKBNK,2018-01-08 00:00:00,9.769801,9.491759,149106711.0,9.53011
1120,AKBNK,2018-01-09 00:00:00,9.549285,9.36712,153814225.0,9.405471
1121,AKBNK,2018-01-10 00:00:00,9.36712,9.156192,272960803.0,9.232893
1122,AKBNK,2018-01-11 00:00:00,9.309594,9.127429,217894513.0,9.290419
1123,AKBNK,2018-01-12 00:00:00,9.453409,9.290419,234774928.0,9.395883
1124,AKBNK,2018-01-15 00:00:00,9.462996,9.16578,164804043.0,9.184955
1125,AKBNK,2018-01-16 00:00:00,9.453409,9.060316,313920014.0,9.434234
1126,AKBNK,2018-01-17 00:00:00,9.721863,9.338357,246226704.0,9.683512
1127,AKBNK,2018-01-18 00:00:00,9.875265,9.625986,298584616.0,9.73145
1128,AKBNK,2018-01-19 00:00:00,9.798564,9.520522,222788262.0,9.597223
1129,AKBNK,2018-01-22 00:00:00,9.808151,9.625986,200988221.0,9.798564
1130,AKBNK,2018-01-23 00:00:00,9.971141,9.769801,256785610.0,9.913615
1131,AKBNK,2018-01-24 00:00:00,10.325884,9.904028,354586188.0,10.325884
1132,AKBNK,2018-01-25 00:00:00,10.479286,10.182069,321721920.0,10.210832
1133,AKBNK,2018-01-26 00:00:00,10.6231,10.210832,289351263.0,10.6231
1134,AKBNK,2018-01-29 00:00:00,10.738152,10.364234,342408646.0,10.6231
1135,AKBNK,2018-01-30 00:00:00,10.613513,10.345059,246730055.0,10.345059
1136,AKBNK,2018-01-31 00:00:00,10.508049,10.373822,230464710.0,10.469698
1137,AKBNK,2018-02-01 00:00:00,10.536812,10.05743,437858049.0,10.143719
1138,AKBNK,2018-02-02 00:00:00,10.297121,10.153306,275210271.0,10.210832
1139,AKBNK,2018-02-05 00:00:00,10.297121,10.105368,254669850.0,10.162894
1140,AKBNK,2018-02-06 00:00:00,10.076605,9.875265,301556028.0,10.05743
1141,AKBNK,2018-02-07 00:00:00,10.143719,9.961554,309701691.0,9.971141
1142,AKBNK,2018-02-08 00:00:00,10.019079,9.73145,242473549.0,9.73145
1143,AKBNK,2018-02-09 00:00:00,9.827327,9.597223,216564615.0,9.827327
1144,AKBNK,2018-02-12 00:00:00,10.047842,9.875265,143853920.0,9.961554
1145,AKBNK,2018-02-13 00:00:00,10.134131,9.913615,168175418.0,9.913615
1146,AKBNK,2018-02-14 00:00:00,10.076605,9.702687,148221614.0,9.73145
1147,AKBNK,2018-02-15 00:00:00,10.124543,9.85609,162137295.0,10.124543
1148,AKBNK,2018-02-16 00:00:00,10.277946,10.047842,123832932.0,10.134131
1149,AKBNK,2018-02-19 00:00:00,10.249183,9.913615,130110104.0,9.990317
1150,AKBNK,2018-02-20 00:00:00,10.095781,9.760213,179096267.0,9.808151
1151,AKBNK,2018-02-21 00:00:00,10.095781,9.884852,172101791.0,10.067018
1152,AKBNK,2018-02-22 00:00:00,10.086193,9.913615,168732954.0,10.076605
1153,AKBNK,2018-02-23 00:00:00,10.210832,10.086193,123408143.0,10.095781
1154,AKBNK,2018-02-26 00:00:00,10.249183,10.153306,123637600.0,10.191657
1155,AKBNK,2018-02-27 00:00:00,10.364234,10.210832,176318794.0,10.297121
1156,AKBNK,2018-02-28 00:00:00,10.268358,10.124543,219245444.0,10.191657
1157,AKBNK,2018-03-01 00:00:00,10.230007,10.028667,183752595.0,10.086193
1158,AKBNK,2018-03-02 00:00:00,10.114956,9.942378,154291471.0,10.038255
1159,AKBNK,2018-03-05 00:00:00,10.067018,9.942378,121763566.0,9.951966
1160,AKBNK,2018-03-06 00:00:00,10.239595,10.019079,127793383.0,10.114956
1161,AKBNK,2018-03-07 00:00:00,10.172482,9.999904,97102900.0,10.134131
1162,AKBNK,2018-03-08 00:00:00,10.201244,10.019079,104249719.0,10.047842
1163,AKBNK,2018-03-09 00:00:00,10.114956,9.913615,123044816.0,9.961554
1164,AKBNK,2018-03-12 00:00:00,10.249183,10.038255,173072663.0,10.162894
1165,AKBNK,2018-03-13 00:00:00,10.153306,9.999904,131969383.0,10.009492
1166,AKBNK,2018-03-14 00:00:00,10.067018,9.85609,159641968.0,9.85609
1167,AKBNK,2018-03-15 00:00:00,9.932791,9.702687,130535751.0,9.750626
1168,AKBNK,2018-03-16 00:00:00,9.817739,9.616399,201109361.0,9.6931
1169,AKBNK,2018-03-19 00:00:00,9.702687,9.443821,147678104.0,9.453409
1170,AKBNK,2018-03-20 00:00:00,9.73145,9.453409,177991767.0,9.635574
1171,AKBNK,2018-03-21 00:00:00,9.817739,9.645162,145035235.0,9.760213
1172,AKBNK,2018-03-22 00:00:00,9.89444,9.597223,168186108.0,9.654749
1173,AKBNK,2018-03-23 00:00:00,9.578048,9.443821,174662655.0,9.510935
1174,AKBNK,2018-03-26 00:00:00,9.578048,9.357532,173465632.0,9.36712
1175,AKBNK,2018-03-27 00:00:00,9.568461,9.300007,311711214.0,9.300007
1176,AKBNK,2018-03-28 00:00:00,9.59,9.3,339803064.0,9.38
1177,AKBNK,2018-03-29 00:00:00,9.6,9.36,125768827.0,9.56
1178,AKBNK,2018-03-30 00:00:00,9.68,9.55,71746731.0,9.55
1179,AKBNK,2018-04-02 00:00:00,9.58,9.47,37977896.0,9.48
1180,AKBNK,2018-04-03 00:00:00,9.57,9.43,92117662.0,9.51
1181,AKBNK,2018-04-04 00:00:00,9.66,9.42,164561489.0,9.58
1182,AKBNK,2018-04-05 00:00:00,9.78,9.54,205590547.0,9.73
1183,AKBNK,2018-04-06 00:00:00,9.75,9.6,109628289.0,9.63
1184,AKBNK,2018-04-09 00:00:00,9.69,9.39,145925162.0,9.53
1185,AKBNK,2018-04-10 00:00:00,9.58,9.1,250614533.0,9.17
1186,AKBNK,2018-04-11 00:00:00,9.31,8.87,290626000.0,8.99
1187,AKBNK,2018-04-12 00:00:00,9.23,8.98,192855858.0,9.21
1188,AKBNK,2018-04-13 00:00:00,9.28,9.02,141630684.0,9.16
1189,AKBNK,2018-04-16 00:00:00,9.28,9.15,112265101.0,9.16
1190,AKBNK,2018-04-17 00:00:00,9.28,8.87,240658629.0,9.14
1191,AKBNK,2018-04-18 00:00:00,9.51,8.92,328609049.0,9.51
1192,AKBNK,2018-04-19 00:00:00,9.56,9.3,274557958.0,9.33
1193,AKBNK,2018-04-20 00:00:00,9.33,9.16,184576501.0,9.21
1194,AKBNK,2018-04-24 00:00:00,9.43,9.13,179257822.0,9.39
1195,AKBNK,2018-04-25 00:00:00,9.47,8.96,359542626.0,8.96
1196,AKBNK,2018-04-26 00:00:00,9.05,8.73,223547490.0,8.76
1197,AKBNK,2018-04-27 00:00:00,8.96,8.72,259999402.0,8.81
1198,AKBNK,2018-04-30 00:00:00,8.89,8.45,243352939.0,8.46
1199,AKBNK,2018-05-02 00:00:00,8.59,8.33,279218686.0,8.44
1200,AKBNK,2018-05-03 00:00:00,8.53,8.13,282050147.0,8.15
1201,AKBNK,2018-05-04 00:00:00,8.38,8.1,222768149.0,8.33
1202,AKBNK,2018-05-07 00:00:00,8.36,8.15,132436709.0,8.19
1203,AKBNK,2018-05-08 00:00:00,8.28,8.07,188450385.0,8.17
1204,AKBNK,2018-05-09 00:00:00,8.57,8.12,313687486.0,8.35
1205,AKBNK,2018-05-10 00:00:00,8.74,8.26,215911491.0,8.74
1206,AKBNK,2018-05-11 00:00:00,8.77,8.47,202050997.0,8.55
1207,AKBNK,2018-05-14 00:00:00,8.64,8.48,171590392.0,8.57
1208,AKBNK,2018-05-15 00:00:00,8.53,8.25,218361691.0,8.35
1209,AKBNK,2018-05-16 00:00:00,8.47,8.17,311050721.0,8.44
1210,AKBNK,2018-05-17 00:00:00,8.54,8.29,119279532.0,8.39
1211,AKBNK,2018-05-18 00:00:00,8.54,8.39,129807792.0,8.52
1212,AKBNK,2018-05-21 00:00:00,8.59,8.39,170224561.0,8.47
1213,AKBNK,2018-05-22 00:00:00,8.69,8.5,278378339.0,8.55
1214,AKBNK,2018-05-23 00:00:00,8.63,8.44,294810059.0,8.48
1215,AKBNK,2018-05-24 00:00:00,8.87,8.52,386170760.0,8.53
1216,AKBNK,2018-05-25 00:00:00,8.8,8.57,273706400.0,8.61
1217,AKBNK,2018-05-28 00:00:00,8.87,8.71,188257484.0,8.8
1218,AKBNK,2018-05-29 00:00:00,8.8,8.58,173405405.0,8.58
1219,AKBNK,2018-05-30 00:00:00,8.69,8.37,324319603.0,8.42
1220,AKBNK,2018-05-31 00:00:00,8.49,8.03,284033371.0,8.03
1221,AKBNK,2018-06-01 00:00:00,8.06,7.6,430841423.0,7.71
1222,AKBNK,2018-06-04 00:00:00,7.99,7.68,243736476.0,7.75
1223,AKBNK,2018-06-05 00:00:00,7.85,7.56,153271881.0,7.56
1224,AKBNK,2018-06-06 00:00:00,7.65,7.33,302174844.0,7.45
1225,AKBNK,2018-06-07 00:00:00,7.78,7.42,457570207.0,7.64
1226,AKBNK,2018-06-08 00:00:00,7.63,7.38,261086271.0,7.43
1227,AKBNK,2018-06-11 00:00:00,7.5,7.2,325927623.61,7.44
1228,AKBNK,2018-06-12 00:00:00,7.55,7.33,205769253.72,7.38
1229,AKBNK,2018-06-13 00:00:00,7.43,7.27,174380798.24,7.31
1230,AKBNK,2018-06-14 00:00:00,7.34,7.25,124284595.15,7.25
1231,AKBNK,2018-06-18 00:00:00,7.31,7.13,167441664.51,7.19
1232,AKBNK,2018-06-19 00:00:00,7.36,7.14,233219065.66,7.29
1233,AKBNK,2018-06-20 00:00:00,7.34,7.22,238323718.34,7.27
1234,AKBNK,2018-06-21 00:00:00,7.32,7.24,287906840.0,7.25
1235,AKBNK,2018-06-22 00:00:00,7.41,7.25,375234306.0,7.37
1236,AKBNK,2018-06-25 00:00:00,7.79,7.01,499271574.0,7.06
1237,AKBNK,2018-06-26 00:00:00,7.25,7.07,283696048.36,7.25
1238,AKBNK,2018-06-27 00:00:00,7.57,7.24,344551155.88,7.51
1239,AKBNK,2018-06-28 00:00:00,7.55,7.41,229059347.62,7.48
1240,AKBNK,2018-06-29 00:00:00,7.64,7.51,320823870.45,7.52
