,Date,High,Low,Volume,Close
0,2013-07-26 00:00:00,89782.05,87496.59,2390128487.0,87633.34
1,2013-07-29 00:00:00,88530.51,87027.6,1781889961.0,88382.31
2,2013-07-30 00:00:00,90568.22,89087.33,2137192688.0,90327.63
3,2013-07-31 00:00:00,90497.7,88179.35,2401119648.0,88858.83
4,2013-08-01 00:00:00,90210.69,88755.07,1798994213.0,88801.6
5,2013-08-02 00:00:00,89985.62,88080.75,2371806367.0,89748.29
6,2013-08-05 00:00:00,90835.97,89647.52,1649984104.0,89961.9
7,2013-08-06 00:00:00,90194.7,89088.26,1075774756.0,89429.72
8,2013-08-07 00:00:00,89303.66,88817.75,464144404.0,88817.75
9,2013-08-12 00:00:00,91402.15,89619.02,1828345796.0,91402.15
10,2013-08-13 00:00:00,92462.82,91128.24,2484239930.0,91625.18
11,2013-08-14 00:00:00,92447.2,91446.39,1799015077.0,91651.15
12,2013-08-15 00:00:00,92298.59,89325.65,2001302086.0,89526.36
13,2013-08-16 00:00:00,90185.03,88903.43,1617061815.0,89924.85
14,2013-08-19 00:00:00,89112.75,87413.08,1655170205.0,87413.08
15,2013-08-20 00:00:00,87662.82,86317.36,1973321663.0,87324.06
16,2013-08-21 00:00:00,87515.94,84189.69,2111480159.0,84189.69
17,2013-08-22 00:00:00,83399.4,81466.63,3361815363.0,82615.39
18,2013-08-23 00:00:00,83510.74,81537.1,2442665865.0,82426.73
19,2013-08-26 00:00:00,83897.79,81675.36,1803789132.0,83658.09
20,2013-08-27 00:00:00,82513.41,79952.82,2841173227.0,79952.82
21,2013-08-28 00:00:00,80744.99,78340.91,3201376645.0,80310.61
22,2013-08-29 00:00:00,82333.25,80765.91,2923433319.0,81120.86
23,2013-09-02 00:00:00,83762.91,82521.46,1671879110.0,83762.91
24,2013-09-03 00:00:00,84058.32,81712.01,2471710239.0,81893.58
25,2013-09-04 00:00:00,82717.56,81500.32,2003426502.0,81800.89
26,2013-09-05 00:00:00,82151.35,80848.37,1812196355.73,81453.77
27,2013-09-06 00:00:00,83521.69,81086.62,0.0,82209.53
28,2013-09-09 00:00:00,85445.68,83083.77,0.0,85434.1
29,2013-09-10 00:00:00,88366.75,86296.19,0.0,88010.91
30,2013-09-11 00:00:00,88755.63,87300.76,3042141210.0,87912.19
31,2013-09-12 00:00:00,89197.8,87198.0,2641498741.0,89092.15
32,2013-09-13 00:00:00,89188.57,87453.37,2428288516.0,87676.48
33,2013-09-16 00:00:00,91350.3,89511.69,2815980103.0,90966.56
34,2013-09-17 00:00:00,91778.4,90489.2,2536448349.0,91778.4
35,2013-09-18 00:00:00,92354.81,91542.85,2114210284.0,91808.12
36,2013-09-19 00:00:00,99807.33,96455.11,5987915533.0,98375.89
37,2013-09-20 00:00:00,98494.74,95952.0,3196094995.0,96320.84
38,2013-09-23 00:00:00,96660.85,94537.6,3008002442.0,94844.19
39,2013-09-24 00:00:00,95654.96,93953.48,2497399671.0,94287.77
40,2013-09-25 00:00:00,94692.72,93288.93,3113358348.0,93873.49
41,2013-09-26 00:00:00,94209.83,92993.19,2205834803.0,93105.89
42,2013-09-27 00:00:00,93352.6,91814.64,2013517782.0,91814.64
43,2013-09-30 00:00:00,91670.6,90187.6,2393372800.0,91389.67
44,2013-10-01 00:00:00,94262.66,92113.1,2367810285.0,94019.35
45,2013-10-02 00:00:00,94422.62,92100.92,3037942705.0,92248.92
46,2013-10-03 00:00:00,93932.41,92630.64,1981471818.0,93710.31
47,2013-10-04 00:00:00,93983.45,92693.75,1926510001.0,93647.39
48,2013-10-07 00:00:00,93423.21,92341.6,1514949934.0,92996.26
49,2013-10-08 00:00:00,93047.73,91664.85,2225224087.0,91757.82
50,2013-10-09 00:00:00,91444.12,90014.03,2447451131.0,91036.19
51,2013-10-10 00:00:00,92935.15,91531.45,2085106415.0,92487.57
52,2013-10-11 00:00:00,93533.27,92954.85,1380457738.0,93186.9
53,2013-10-14 00:00:00,93524.28,92950.36,380219963.0,93292.95
54,2013-10-21 00:00:00,96525.76,95339.9,2971643858.0,96525.76
55,2013-10-22 00:00:00,97620.51,95881.27,3118082318.0,97204.12
56,2013-10-23 00:00:00,97305.14,95763.31,2372111765.0,96035.83
57,2013-10-24 00:00:00,97241.24,96240.12,1936780994.0,96288.69
58,2013-10-25 00:00:00,96942.52,95701.84,2021479063.0,96833.52
59,2013-10-28 01:00:00,97666.4,97243.46,907886472.0,97333.21
60,2013-10-30 01:00:00,98496.6,96341.54,2515315653.0,96461.15
61,2013-10-31 01:00:00,95937.4,94172.79,2290449774.0,94658.55
62,2013-11-01 01:00:00,94981.8,92943.7,2359290708.0,93101.95
63,2013-11-04 01:00:00,93793.77,92649.31,1747766424.0,92649.31
64,2013-11-05 01:00:00,93624.32,90666.58,2091738918.0,90666.58
65,2013-11-06 01:00:00,92410.4,90827.9,1927619611.0,92269.56
66,2013-11-07 01:00:00,93507.37,91831.55,2223609553.0,92188.28
67,2013-11-08 01:00:00,91979.34,89431.59,2509632863.0,89609.49
68,2013-11-11 01:00:00,90261.91,87317.6,2317584153.0,87323.46
69,2013-11-12 01:00:00,88049.22,86288.95,2424007932.0,87289.31
70,2013-11-13 01:00:00,88038.56,86013.63,4278970405.0,88038.56
71,2013-11-14 01:00:00,90675.83,89505.9,2764824956.0,90216.6
72,2013-11-15 01:00:00,91554.23,90704.25,2567544213.0,90717.86
73,2013-11-18 01:00:00,92589.32,90968.21,2053986291.0,92589.32
74,2013-11-19 01:00:00,92486.73,91038.56,2348467588.0,91242.94
75,2013-11-20 01:00:00,92237.12,90232.57,2812440658.0,92147.98
76,2013-11-21 01:00:00,91789.19,90339.44,2733288945.0,91230.4
77,2013-11-22 01:00:00,92739.18,91576.33,2214390258.0,92438.52
78,2013-11-25 01:00:00,94368.02,93578.1,2132413324.0,93655.1
79,2013-11-26 01:00:00,93666.68,91933.68,2113887813.0,92308.69
80,2013-11-27 01:00:00,92687.15,91426.59,1720795428.0,91426.59
81,2013-11-28 01:00:00,91996.7,90883.93,1182512250.0,91031.58
82,2013-11-29 01:00:00,92469.04,90846.47,1560429961.0,92364.08
83,2013-12-02 01:00:00,92965.62,91283.06,1757643410.0,91326.87
84,2013-12-03 01:00:00,91482.33,88904.99,2716559244.0,89012.34
85,2013-12-04 01:00:00,89442.08,87643.52,2425249210.0,89021.3
86,2013-12-05 01:00:00,89134.21,87572.55,2151663487.0,87572.55
87,2013-12-06 01:00:00,89626.22,87051.97,2526728739.0,89409.32
88,2013-12-09 01:00:00,90926.31,90026.88,1721315494.0,90376.81
89,2013-12-10 01:00:00,90663.55,89615.75,1648687204.0,90289.32
90,2013-12-11 01:00:00,91399.74,89810.62,1885293093.0,90045.33
91,2013-12-12 01:00:00,90214.23,88727.85,1969536564.0,88901.98
92,2013-12-13 01:00:00,90425.44,89537.14,1721177164.0,90324.18
93,2013-12-16 01:00:00,91565.03,89942.95,1635367409.0,91399.38
94,2013-12-17 01:00:00,90027.86,85316.49,3719811596.0,86377.2
95,2013-12-18 01:00:00,87152.68,82912.83,3778320154.0,87152.68
96,2013-12-19 01:00:00,87693.43,83469.6,3927838043.0,84111.69
97,2013-12-20 01:00:00,85421.89,83543.61,3333957240.0,84844.89
98,2013-12-23 01:00:00,85699.14,82167.31,2299684129.0,82850.64
99,2013-12-24 01:00:00,84467.41,82777.51,1986849735.0,83974.69
100,2013-12-25 01:00:00,85112.05,80365.96,2061209380.0,80365.96
101,2013-12-26 01:00:00,81371.18,78008.56,2026507641.0,78405.83
102,2013-12-27 01:00:00,78214.85,74554.52,2489399128.0,77586.35
103,2013-12-30 01:00:00,82649.7,78798.69,2274843130.0,82649.7
104,2013-12-31 01:00:00,83551.92,80905.79,2044313532.0,82447.87
105,2014-01-02 01:00:00,81897.45,79840.81,2013935662.0,81351.78
106,2014-01-03 01:00:00,81802.33,79249.2,2084923882.0,79910.52
107,2014-01-06 01:00:00,83007.9,79572.7,2838692626.0,82574.31
108,2014-01-07 01:00:00,83787.58,81631.34,3444424969.0,83422.4
109,2014-01-08 01:00:00,83855.8,81735.32,2843081237.0,81865.26
110,2014-01-09 01:00:00,81196.14,80285.17,1627941181.0,80835.17
111,2014-01-10 01:00:00,82891.52,80913.73,2748471207.0,82891.52
112,2014-01-13 01:00:00,83941.35,83026.6,2308865360.0,83199.49
113,2014-01-14 01:00:00,83236.09,81672.2,2475074252.0,83236.09
114,2014-01-15 01:00:00,83829.3,82523.22,3257382476.0,83256.58
115,2014-01-16 01:00:00,82648.16,81474.79,2383844895.0,81652.84
116,2014-01-17 01:00:00,82089.72,80025.52,2329577945.0,80025.52
117,2014-01-20 01:00:00,80643.99,78969.02,2004471786.0,80133.25
118,2014-01-21 01:00:00,82126.77,80491.76,2775809305.0,80948.25
119,2014-01-22 01:00:00,82459.74,81484.83,2543587636.0,82226.13
120,2014-01-23 01:00:00,82150.77,79745.83,3639767958.0,79745.83
121,2014-01-24 01:00:00,80222.61,76950.73,3850961400.0,78359.92
122,2014-01-27 01:00:00,79727.72,77059.31,3347317132.0,78626.7
123,2014-01-28 01:00:00,79855.71,77008.04,2852191100.0,77047.89
124,2014-01-29 01:00:00,79398.56,73435.12,5548365850.0,75142.66
125,2014-01-30 01:00:00,76163.75,73643.9,3346138971.0,76031.78
126,2014-01-31 01:00:00,75985.77,74270.44,2822370160.0,74757.84
127,2014-02-03 01:00:00,75591.74,74461.74,2193955463.0,74661.2
128,2014-02-04 01:00:00,76207.18,73625.5,3192943763.0,76096.05
129,2014-02-05 01:00:00,76910.53,75612.66,3045021330.0,75613.76
130,2014-02-06 01:00:00,78388.44,75896.06,3335535497.0,78388.44
131,2014-02-07 01:00:00,78970.65,77704.56,3068223110.0,78496.18
132,2014-02-10 01:00:00,78219.97,77143.46,2149775430.0,77734.01
133,2014-02-11 01:00:00,78687.29,77755.27,2563973504.0,78039.38
134,2014-02-12 01:00:00,79017.35,78237.4,2037962744.0,78314.57
135,2014-02-13 01:00:00,77877.11,77160.63,1951015465.0,77313.06
136,2014-02-14 01:00:00,78894.46,77605.16,2369432260.0,78753.32
137,2014-02-17 01:00:00,80108.72,79471.6,1674090758.0,79690.98
138,2014-02-18 01:00:00,79686.08,77741.75,2259129336.0,77741.75
139,2014-02-19 01:00:00,77759.81,76362.89,2244760880.0,76823.38
140,2014-02-20 01:00:00,77343.05,75884.94,2392701089.0,77222.8
141,2014-02-21 01:00:00,77740.59,76819.18,1809071962.0,77420.03
142,2014-02-24 01:00:00,78031.38,77065.7,1407532802.0,77757.39
143,2014-02-25 01:00:00,75864.67,74933.01,2030094475.0,75207.68
144,2014-02-26 01:00:00,75866.0,74353.54,1977565806.0,74428.03
145,2014-02-27 01:00:00,75184.34,74023.89,1627186523.0,74824.35
146,2014-02-28 01:00:00,76306.19,75102.99,1994352891.0,75758.49
147,2014-03-03 01:00:00,74762.54,74119.47,1268475515.0,74172.73
148,2014-03-04 01:00:00,76610.5,75242.14,1587594622.0,76547.89
149,2014-03-05 01:00:00,77698.58,76640.37,1830131965.0,77090.23
150,2014-03-06 01:00:00,78049.81,77136.1,2267198011.0,77782.07
151,2014-03-07 01:00:00,77872.8,76258.84,1904270568.0,76474.43
152,2014-03-10 01:00:00,76719.68,75470.13,1756158153.0,75888.48
153,2014-03-11 01:00:00,76722.46,75724.02,1737884335.0,76238.16
154,2014-03-12 01:00:00,76774.72,75098.41,2515893474.0,76701.83
155,2014-03-13 01:00:00,77866.63,76769.03,2108407482.0,76810.7
156,2014-03-14 01:00:00,77170.17,76112.83,1880470870.0,76833.65
157,2014-03-17 01:00:00,78165.17,77438.52,1388663072.0,77991.67
158,2014-03-18 01:00:00,80183.61,77929.75,2782377969.0,79976.01
159,2014-03-19 01:00:00,80653.3,79782.1,2639189598.0,79887.03
160,2014-03-20 01:00:00,80357.72,79396.16,2309353676.0,79552.68
161,2014-03-21 01:00:00,79254.28,78666.35,1771136769.0,78722.28
162,2014-03-24 01:00:00,79277.29,77578.87,1319081783.0,77578.87
163,2014-03-25 01:00:00,79327.31,77702.26,1732463453.0,78887.4
164,2014-03-26 01:00:00,83330.02,79595.52,3511426320.0,83127.84
165,2014-03-27 01:00:00,83699.13,82095.39,3647575816.0,82120.18
166,2014-03-28 01:00:00,85262.43,82553.07,3578834470.0,85004.2
167,2014-03-31 01:00:00,86838.95,84373.77,2958902181.0,85615.98
168,2014-04-01 00:00:00,87273.5,85360.69,3264675632.0,87018.69
169,2014-04-02 00:00:00,87774.81,86383.12,3687096641.0,86781.39
170,2014-04-03 00:00:00,88586.03,87039.31,3400321831.0,87814.14
171,2014-04-04 00:00:00,89380.6,87519.08,3335394536.0,89206.3
172,2014-04-07 00:00:00,89420.63,88415.53,2358534406.0,88852.21
173,2014-04-08 00:00:00,90825.13,89704.62,2923498596.0,90825.13
174,2014-04-09 00:00:00,90789.46,88765.32,3008168812.0,88777.08
175,2014-04-10 00:00:00,90250.33,89005.87,2840798233.0,89624.36
176,2014-04-11 00:00:00,89193.37,88244.33,2371866619.0,89019.2
177,2014-04-14 00:00:00,90547.66,88489.56,2761983614.0,90422.83
178,2014-04-15 00:00:00,91190.46,88658.93,3267386829.0,88658.93
179,2014-04-16 00:00:00,89761.94,88131.08,2792011632.0,88709.94
180,2014-04-17 00:00:00,90302.37,89017.19,2467143946.0,90202.82
181,2014-04-18 00:00:00,90654.29,89814.63,927845288.0,90046.03
182,2014-04-21 00:00:00,90192.72,89503.9,1209256743.0,89915.22
183,2014-04-22 00:00:00,90176.58,89460.34,1781896754.0,89460.34
184,2014-04-24 00:00:00,89750.83,88350.94,2365129127.0,88408.74
185,2014-04-25 00:00:00,88840.95,86956.81,2426152889.0,87118.72
186,2014-04-28 00:00:00,88760.29,86804.36,2412913680.0,88535.32
187,2014-04-29 00:00:00,89492.16,88407.02,2080316194.0,88426.52
188,2014-04-30 00:00:00,91106.59,88416.83,3658223764.0,90579.44
189,2014-05-02 00:00:00,92691.02,91387.29,3548157325.0,92327.46
190,2014-05-05 00:00:00,92736.93,91226.78,2482642714.0,91686.63
191,2014-05-06 00:00:00,92726.93,92037.18,2394014010.0,92292.12
192,2014-05-07 00:00:00,92557.78,91336.3,2387114024.0,91946.86
193,2014-05-08 00:00:00,93475.02,92386.89,3334188632.0,93040.84
194,2014-05-09 00:00:00,93439.03,92402.94,2196491172.0,92707.91
195,2014-05-12 00:00:00,94011.88,92824.11,2211119193.0,93194.92
196,2014-05-13 00:00:00,93908.06,92705.14,2522272994.0,93035.58
197,2014-05-14 00:00:00,93677.65,93050.54,2348598488.0,93357.2
198,2014-05-15 00:00:00,94281.8,92273.42,2444619221.0,92288.46
199,2014-05-16 00:00:00,92401.7,91443.21,1979677357.0,92002.48
200,2014-05-20 00:00:00,92501.04,91501.87,1765610429.0,92278.77
201,2014-05-21 00:00:00,93874.03,92283.35,2409314515.0,93867.22
202,2014-05-22 00:00:00,96557.99,93852.87,3891457466.0,96063.45
203,2014-05-23 00:00:00,96572.55,95536.75,2731462641.0,96045.54
204,2014-05-26 00:00:00,96841.57,95667.75,1903660845.0,96738.73
205,2014-05-27 00:00:00,97043.96,95155.11,2505639403.0,95241.06
206,2014-05-28 00:00:00,97042.24,94813.38,3387033754.0,95711.68
207,2014-05-29 00:00:00,97563.08,96272.54,2996562448.0,97451.67
208,2014-05-30 00:00:00,98528.48,97361.7,3157902967.0,97692.23
209,2014-06-02 00:00:00,98515.7,96702.01,2740236200.0,96817.43
210,2014-06-03 00:00:00,98022.81,96434.39,2821185439.0,96941.57
211,2014-06-04 00:00:00,97325.87,96159.1,2256387228.0,96436.25
212,2014-06-05 00:00:00,99135.03,96782.09,4298944449.0,98416.21
213,2014-06-06 00:00:00,99526.34,98627.67,2778438426.0,99265.8
214,2014-06-09 00:00:00,100648.19,99647.09,2755832820.0,99750.06
215,2014-06-10 00:00:00,100911.24,99732.16,2795576826.0,100911.24
216,2014-06-11 00:00:00,101225.97,97027.49,4646195407.0,97599.08
217,2014-06-12 00:00:00,98887.79,96146.87,4372612806.0,98576.04
218,2014-06-13 00:00:00,98487.96,97095.61,2714549447.0,97628.49
219,2014-06-16 00:00:00,97151.37,95459.92,2525000148.0,95733.8
220,2014-06-17 00:00:00,97426.07,95994.93,3376137601.0,96161.31
221,2014-06-18 00:00:00,96897.86,95890.73,2563536363.0,96275.85
222,2014-06-19 00:00:00,98107.62,97490.9,2530995126.0,97592.15
223,2014-06-20 00:00:00,97363.58,96639.13,1554946795.0,96744.06
224,2014-06-23 00:00:00,98151.65,96880.67,2321622222.0,97987.83
225,2014-06-24 00:00:00,98939.94,97425.27,2722805634.0,97425.27
226,2014-06-25 00:00:00,97624.69,96143.45,2308908155.0,97483.02
227,2014-06-26 00:00:00,97915.09,95741.13,1889479223.0,96212.4
228,2014-06-27 00:00:00,97223.31,96193.78,1190319413.0,96651.74
229,2014-06-30 00:00:00,97784.5,96543.54,1884137624.0,96651.63
230,2014-07-01 00:00:00,97166.32,94739.74,2584654802.0,94890.74
231,2014-07-02 00:00:00,95284.68,93506.43,2660604716.0,94545.01
232,2014-07-03 00:00:00,95492.88,93987.99,2817526852.0,95419.4
233,2014-07-04 00:00:00,95715.94,95131.84,1228176000.0,95262.68
234,2014-07-07 00:00:00,97273.8,94784.19,2557328000.0,97153.43
235,2014-07-08 00:00:00,98207.31,97281.89,2499813000.0,97616.74
236,2014-07-09 00:00:00,98302.05,97376.91,2355987000.0,97799.72
237,2014-07-10 00:00:00,98245.29,96399.75,2706251000.0,96530.2
238,2014-07-11 00:00:00,97811.95,96712.87,1980061000.0,97595.08
239,2014-07-14 00:00:00,99507.35,97992.46,2477310000.0,99420.58
240,2014-07-15 00:00:00,100520.34,99409.9,2765332695.0,100163.92
241,2014-07-16 00:00:00,101458.88,99957.84,2518721930.0,101425.16
242,2014-07-17 00:00:00,101726.05,100044.42,3102530557.0,100662.34
243,2014-07-18 00:00:00,101430.18,99629.14,2379098137.0,101425.9
244,2014-07-21 00:00:00,102307.51,101198.0,2184879778.0,101366.3
245,2014-07-22 00:00:00,102253.46,101349.67,2699318511.0,101689.04
246,2014-07-23 00:00:00,102484.93,101548.55,2011478114.0,102050.67
247,2014-07-24 00:00:00,103580.37,102316.26,3225594089.0,103429.8
248,2014-07-25 00:00:00,104112.49,102871.94,2320929911.0,103953.38
249,2014-07-31 00:00:00,104178.54,101395.18,2712455035.0,101395.18
250,2014-08-01 00:00:00,101935.75,99816.71,2946609621.0,101441.0
251,2014-08-04 00:00:00,102673.46,101033.71,2137908728.0,101033.71
252,2014-08-05 00:00:00,102086.44,98948.24,2770557231.0,99364.43
253,2014-08-06 00:00:00,99162.04,97133.23,3521459630.0,97753.67
254,2014-08-07 00:00:00,98389.79,96830.99,2537831013.0,97094.34
255,2014-08-08 00:00:00,97966.05,95620.77,3055223893.0,97624.05
256,2014-08-11 00:00:00,99262.52,94875.36,4061753171.0,94921.85
257,2014-08-12 00:00:00,95928.17,94297.5,2905821071.0,95658.0
258,2014-08-13 00:00:00,96247.76,94261.16,3781690245.0,95192.05
259,2014-08-14 00:00:00,96319.16,94649.09,3144664644.0,95114.07
260,2014-08-15 00:00:00,95971.04,93793.61,2666972123.0,93881.78
261,2014-08-18 00:00:00,94988.89,93654.83,2662216717.0,94778.9
262,2014-08-19 00:00:00,97567.07,95124.22,3818778826.0,97368.98
263,2014-08-20 00:00:00,97738.08,96005.88,3565966191.0,96797.34
264,2014-08-21 00:00:00,97249.18,96517.98,2352300849.0,96959.15
265,2014-08-22 00:00:00,97464.64,96265.07,1954450554.0,96820.98
266,2014-08-25 00:00:00,97517.87,96827.7,1440900754.0,97391.04
267,2014-08-26 00:00:00,99517.17,97575.54,2636210625.0,99403.94
268,2014-08-27 00:00:00,99999.46,98705.5,2715360707.0,98980.43
269,2014-08-28 00:00:00,99495.72,98639.81,2009387676.0,99495.72
270,2014-08-29 00:00:00,100458.34,98654.83,2547692276.0,98678.12
271,2014-09-01 00:00:00,99473.46,98429.48,1408069195.0,99252.69
272,2014-09-02 00:00:00,99966.42,98702.31,2165261882.0,99036.64
273,2014-09-03 00:00:00,100287.13,99243.14,2714299314.0,99976.08
274,2014-09-04 00:00:00,101414.77,99740.29,3354204560.0,101280.8
275,2014-09-05 00:00:00,101410.91,100477.65,2578069371.0,101197.59
276,2014-09-08 00:00:00,101775.39,100957.87,2191835496.0,101145.97
277,2014-09-09 00:00:00,101228.99,98250.68,3309132970.0,98378.59
278,2014-09-10 00:00:00,98604.13,96902.64,3392730225.0,97668.33
279,2014-09-11 00:00:00,98362.03,96376.68,2955036937.0,96827.64
280,2014-09-12 00:00:00,97224.89,95045.84,2610340936.0,95257.35
281,2014-09-15 00:00:00,95947.41,94737.53,2115312761.0,95421.36
282,2014-09-16 00:00:00,96702.92,94743.23,3030284178.0,96449.2
283,2014-09-17 00:00:00,97454.6,96442.91,2457150359.0,96807.92
284,2014-09-18 00:00:00,96227.84,94580.52,3088149318.0,94771.07
285,2014-09-19 00:00:00,95906.41,94213.0,2550163770.0,94213.95
286,2014-09-22 00:00:00,94923.58,93673.02,2292815375.0,94134.59
287,2014-09-23 00:00:00,95451.91,93989.25,2485510947.0,93989.25
288,2014-09-24 00:00:00,94665.38,91921.46,2795673892.0,92016.15
289,2014-09-25 00:00:00,92476.0,90776.35,2725076994.0,91082.27
290,2014-09-26 00:00:00,91804.52,90052.06,3082823135.0,91122.86
291,2014-09-29 00:00:00,91458.06,90419.3,2482478458.0,91190.56
292,2014-09-30 00:00:00,91960.58,91029.54,2512675733.0,91600.76
293,2014-10-01 00:00:00,91949.65,90416.44,2339448424.0,90416.44
294,2014-10-02 00:00:00,91212.91,89956.01,2110551476.0,90248.64
295,2014-10-03 00:00:00,90708.46,89800.63,735463548.0,90708.46
296,2014-10-08 00:00:00,89438.1,88608.14,2387877462.0,89029.43
297,2014-10-09 00:00:00,92133.12,90322.57,3185871566.0,91948.63
298,2014-10-10 00:00:00,91057.46,89675.71,2258302346.0,89675.71
299,2014-10-13 00:00:00,92325.93,89941.35,2400860034.0,91814.83
300,2014-10-14 00:00:00,92552.9,90451.91,3342316440.0,91238.26
301,2014-10-15 00:00:00,92690.7,91245.93,3589842293.0,91439.94
302,2014-10-16 00:00:00,92364.53,90070.61,3750096152.0,91105.16
303,2014-10-17 00:00:00,92911.71,91315.69,3239250432.0,92453.9
304,2014-10-20 00:00:00,93521.95,92735.43,2785944755.0,93323.7
305,2014-10-21 00:00:00,95027.97,93192.78,3287619991.0,95012.94
306,2014-10-22 00:00:00,95748.75,94907.21,3029573606.0,95587.46
307,2014-10-23 00:00:00,97512.99,94982.64,3618022554.0,97510.28
308,2014-10-24 00:00:00,98054.19,96738.23,2963709899.0,97378.73
309,2014-10-27 01:00:00,98163.98,96187.99,2705613291.0,97117.18
310,2014-10-28 01:00:00,97853.85,96899.49,1095711703.0,97685.26
311,2014-10-30 01:00:00,98242.47,97070.41,3461447932.0,97947.24
312,2014-10-31 01:00:00,99642.44,98708.07,3294686391.0,98957.2
313,2014-11-03 01:00:00,99298.56,97872.74,2555885459.0,98020.09
314,2014-11-04 01:00:00,98934.11,97726.3,3068389596.0,98256.92
315,2014-11-05 01:00:00,99223.55,96545.33,3072222825.0,96545.33
316,2014-11-06 01:00:00,97307.57,94749.44,3543366047.0,94749.44
317,2014-11-07 01:00:00,95765.89,94443.91,2831221747.0,95613.93
318,2014-11-10 01:00:00,96440.52,95213.48,2086264014.0,95294.89
319,2014-11-11 01:00:00,96212.93,95205.21,2613525691.0,96212.93
320,2014-11-12 01:00:00,99072.94,96645.38,3843682085.0,99072.94
321,2014-11-13 01:00:00,100491.53,98119.21,3886699154.0,99661.72
322,2014-11-14 01:00:00,100374.12,99297.23,3076858680.0,100156.01
323,2014-11-17 01:00:00,100896.49,99191.94,3139590033.0,99271.42
324,2014-11-18 01:00:00,100473.82,99362.25,2609816834.0,100392.84
325,2014-11-19 01:00:00,101423.6,100078.17,3453703357.0,100441.52
326,2014-11-20 01:00:00,101903.48,100048.6,3379046852.0,101881.9
327,2014-11-21 01:00:00,103150.83,102225.81,3355899548.0,102879.44
328,2014-11-24 01:00:00,102968.18,102017.85,2217612320.0,102717.54
329,2014-11-25 01:00:00,103294.63,101772.74,3642122717.0,103081.42
330,2014-11-26 01:00:00,104174.07,102867.82,3060419359.0,104009.83
331,2014-11-27 01:00:00,104996.65,103753.12,2638373650.0,104658.35
332,2014-11-28 01:00:00,108012.5,104906.02,5678101019.0,106771.8
333,2014-12-01 01:00:00,107888.91,105422.64,4660954638.0,106728.58
334,2014-12-02 01:00:00,106937.75,104785.33,4195745242.0,104907.82
335,2014-12-03 01:00:00,105880.77,104381.05,3162151537.0,104922.57
336,2014-12-04 01:00:00,106852.55,104922.98,3400719589.0,106692.64
337,2014-12-05 01:00:00,107462.59,105298.84,3830400939.0,105300.04
338,2014-12-08 01:00:00,105655.64,104242.93,2767145398.0,104728.93
339,2014-12-09 01:00:00,105287.63,102992.08,3227479680.0,102992.08
340,2014-12-10 01:00:00,104237.46,103078.26,3183359016.0,103773.69
341,2014-12-11 01:00:00,105743.37,103782.32,4216975285.0,104634.89
342,2014-12-12 01:00:00,104614.49,102346.32,3759337799.0,102579.11
343,2014-12-15 01:00:00,102838.43,101749.61,3150244178.0,102252.11
344,2014-12-16 01:00:00,102791.42,97503.61,5484605219.0,97977.86
345,2014-12-17 01:00:00,100630.78,97718.36,3844106350.0,100104.88
346,2014-12-18 01:00:00,103207.3,101408.63,3818560007.0,103207.3
347,2014-12-19 01:00:00,103946.69,102247.48,3632568079.0,103527.75
348,2014-12-22 01:00:00,105461.09,103137.75,3132513653.0,105461.09
349,2014-12-23 01:00:00,105817.12,104104.47,3621063462.0,104472.97
350,2014-12-24 01:00:00,105176.23,104607.38,1176391349.0,104886.75
351,2014-12-25 01:00:00,105232.15,104837.8,509449540.0,104897.04
352,2014-12-26 01:00:00,105463.7,104971.14,689361965.0,105081.52
353,2014-12-29 01:00:00,104796.19,103703.66,1609054774.0,103947.74
354,2014-12-30 01:00:00,105045.35,103203.35,2645158635.0,104456.01
355,2014-12-31 01:00:00,106299.93,104412.28,1434854048.0,106149.76
356,2015-01-02 01:00:00,106205.34,105039.21,1598272823.0,105773.5
357,2015-01-05 01:00:00,107550.42,105669.17,3317400325.0,107148.04
358,2015-01-06 01:00:00,107702.49,105990.05,3423771787.0,107698.92
359,2015-01-07 01:00:00,108578.27,107106.48,3627960521.0,107448.33
360,2015-01-08 01:00:00,108946.3,107988.92,2676135044.0,108598.18
361,2015-01-09 01:00:00,109385.82,108176.09,3341306817.0,108468.32
362,2015-01-12 01:00:00,109832.99,108339.15,3283057055.0,108584.3
363,2015-01-13 01:00:00,109496.67,108503.31,3179473898.0,109163.13
364,2015-01-14 01:00:00,109314.95,107796.66,3422757581.0,108399.15
365,2015-01-15 01:00:00,109613.33,108461.03,3833324596.0,108828.72
366,2015-01-16 01:00:00,109079.72,107859.2,2700892496.0,108579.09
367,2015-01-19 01:00:00,109668.45,108702.41,2319606697.0,109261.7
368,2015-01-20 01:00:00,111274.4,109540.4,4273348306.0,110926.13
369,2015-01-21 01:00:00,112586.17,111498.91,4011610901.0,112514.68
370,2015-01-22 01:00:00,113372.11,111773.17,3863500709.0,113241.16
371,2015-01-23 01:00:00,114055.66,112572.04,3742344178.0,112833.98
372,2015-01-26 01:00:00,113614.87,112079.22,2499556023.0,113614.87
373,2015-01-27 01:00:00,114030.44,112437.26,3079682084.0,113206.93
374,2015-01-28 01:00:00,114052.03,112028.21,2576785815.0,112088.4
375,2015-01-29 01:00:00,111938.61,109617.97,2804640331.0,109617.97
376,2015-01-30 01:00:00,110732.49,108924.08,2849797841.0,110173.78
377,2015-02-02 01:00:00,111465.66,109832.7,2087831493.0,111273.55
378,2015-02-03 01:00:00,111702.62,107729.09,3507334930.0,108271.84
379,2015-02-04 01:00:00,108806.0,105849.53,4553490507.0,106161.7
380,2015-02-05 01:00:00,106924.83,105174.73,4029619271.0,106056.09
381,2015-02-06 01:00:00,106834.1,104734.78,3222707215.0,104857.56
382,2015-02-09 01:00:00,104871.34,102647.68,4045401633.0,104448.83
383,2015-02-10 01:00:00,105441.19,102366.51,3934567424.0,102599.64
384,2015-02-11 01:00:00,104051.17,102667.08,4772307874.0,103011.75
385,2015-02-12 01:00:00,106359.21,103464.95,4718881444.0,106359.21
386,2015-02-13 01:00:00,106706.41,105617.69,3348004509.0,105920.19
387,2015-02-16 01:00:00,106664.74,106022.94,2321910927.0,106112.4
388,2015-02-17 01:00:00,105968.93,104075.36,3511155675.0,104075.36
389,2015-02-18 01:00:00,105650.82,103695.98,2586196865.0,105447.85
390,2015-02-19 01:00:00,106848.67,105713.63,2815842199.0,106630.29
391,2015-02-20 01:00:00,106738.12,104878.82,2282489716.0,105391.91
392,2015-02-23 01:00:00,106544.35,104518.65,2834424288.0,106521.68
393,2015-02-24 01:00:00,107112.74,106094.29,3179897369.0,106955.31
394,2015-02-25 01:00:00,108424.52,106594.09,3431042640.0,106949.98
395,2015-02-26 01:00:00,107798.63,105822.16,3878336930.0,105847.64
396,2015-02-27 01:00:00,106519.31,102948.43,4509628871.0,103382.6
397,2015-03-02 01:00:00,104031.08,102980.68,2974936148.0,103155.56
398,2015-03-03 01:00:00,104116.61,102591.94,2811146044.0,103653.26
399,2015-03-04 01:00:00,103688.54,100536.88,3596157412.0,100652.07
400,2015-03-05 01:00:00,99912.09,97859.73,5597660756.0,98791.41
401,2015-03-06 01:00:00,100937.8,97904.48,5001698225.0,98252.61
402,2015-03-09 01:00:00,100234.31,98668.76,4102425985.0,98810.0
403,2015-03-10 01:00:00,99322.82,95368.57,4280521675.0,95368.57
404,2015-03-11 01:00:00,96587.89,93758.79,4241370808.0,95920.02
405,2015-03-12 01:00:00,97554.83,94903.05,3609174316.0,95979.34
406,2015-03-13 01:00:00,96995.72,93828.24,3779970288.0,93828.24
407,2015-03-16 01:00:00,96221.62,94540.99,3057450794.0,95834.53
408,2015-03-17 01:00:00,98235.23,96433.19,2999444175.0,98155.23
409,2015-03-18 01:00:00,98298.09,96959.31,2904922598.0,97946.89
410,2015-03-19 01:00:00,100903.21,99560.94,3921657574.0,100551.48
411,2015-03-20 01:00:00,101740.43,100179.83,3144550342.0,101455.86
412,2015-03-23 01:00:00,103084.15,101365.11,2862635594.0,103038.75
413,2015-03-24 01:00:00,103033.98,100320.67,3775664494.0,100783.62
414,2015-03-25 01:00:00,103013.79,101013.2,3531173446.0,101650.87
415,2015-03-26 01:00:00,100118.73,99099.15,3148823746.0,100118.73
416,2015-03-27 01:00:00,99797.86,98412.57,2808521077.0,99318.53
417,2015-03-30 00:00:00,101021.66,98712.43,2910481017.0,100979.06
418,2015-03-31 00:00:00,101408.96,98703.32,3269763192.0,99074.06
419,2015-04-01 00:00:00,99988.16,98851.54,2788631096.0,99613.37
420,2015-04-02 00:00:00,100505.95,99722.33,2219702814.0,100130.28
421,2015-04-03 00:00:00,102011.32,99858.26,2033502962.0,101944.57
422,2015-04-06 00:00:00,102052.61,100845.69,2036820174.0,102052.61
423,2015-04-07 00:00:00,101905.62,100212.05,2602543065.0,100948.03
424,2015-04-08 00:00:00,101343.23,100288.61,2710351185.0,101226.69
425,2015-04-09 00:00:00,102267.76,100663.5,3090242670.0,102036.9
426,2015-04-10 00:00:00,102394.66,100328.52,3034341537.0,100834.02
427,2015-04-13 00:00:00,101331.87,99407.08,2732147035.0,99796.89
428,2015-04-14 00:00:00,100575.14,98249.29,3540282805.0,100358.66
429,2015-04-15 00:00:00,100071.98,98885.15,2957409671.0,99067.29
430,2015-04-16 00:00:00,100890.31,99449.3,3099797105.0,100507.31
431,2015-04-17 00:00:00,101665.79,100272.83,0.0,100541.32
432,2015-04-20 00:00:00,101364.39,100152.25,2409630837.0,100356.91
433,2015-04-21 00:00:00,102899.97,99682.62,3880579147.0,102889.41
434,2015-04-22 00:00:00,103533.3,102022.34,3366696173.0,102089.18
435,2015-04-24 00:00:00,104410.09,102509.8,3284711105.0,104368.69
436,2015-04-27 00:00:00,105747.57,104005.86,3351155047.0,105468.5
437,2015-04-28 00:00:00,105884.87,104912.21,3153572335.0,105254.03
438,2015-04-29 00:00:00,105966.72,104863.0,3289221611.0,105052.43
439,2015-04-30 00:00:00,105508.64,102387.0,3351427680.0,102387.0
440,2015-05-04 00:00:00,102815.16,101415.74,2331074498.0,102437.68
441,2015-05-05 00:00:00,103133.22,101395.53,2603160173.0,101498.33
442,2015-05-06 00:00:00,101934.21,100129.41,3118292453.0,100252.73
443,2015-05-07 00:00:00,100825.26,99457.44,2926199354.0,100560.89
444,2015-05-08 00:00:00,102995.83,100185.55,3249554351.0,102722.05
445,2015-05-11 00:00:00,104193.56,102799.99,2790884169.0,103500.34
446,2015-05-12 00:00:00,104433.43,102897.55,3293654647.0,104395.65
447,2015-05-13 00:00:00,105997.1,104563.23,3377076034.0,105817.33
448,2015-05-14 00:00:00,107427.73,105397.45,3925916494.0,106877.29
449,2015-05-15 00:00:00,107931.82,106818.38,2896249528.0,107392.2
450,2015-05-18 00:00:00,108609.87,107235.75,2502898633.0,108609.87
451,2015-05-20 00:00:00,108385.68,106871.18,3583068420.0,107442.03
452,2015-05-21 00:00:00,108380.86,105586.41,4061942264.0,105773.54
453,2015-05-22 00:00:00,105989.02,104703.35,3219778651.0,104866.53
454,2015-05-25 00:00:00,104810.81,103195.88,2056863453.0,103314.73
455,2015-05-26 00:00:00,103571.13,101951.28,2944604643.0,101951.28
456,2015-05-27 00:00:00,102908.11,100951.91,3260923518.0,102908.11
457,2015-05-28 00:00:00,103103.8,101818.3,2809047318.0,101818.3
458,2015-05-29 00:00:00,103342.34,100516.13,3455045828.0,101003.39
459,2015-06-01 00:00:00,100713.63,97844.7,2502799397.0,97929.36
460,2015-06-02 00:00:00,99488.94,98143.89,3091130605.0,99402.23
461,2015-06-03 00:00:00,102040.27,99035.16,3284775962.0,102016.4
462,2015-06-04 00:00:00,101533.44,99836.35,3032578299.0,100978.25
463,2015-06-05 00:00:00,101614.82,99823.43,3132859485.0,100259.04
464,2015-06-08 00:00:00,95205.55,91833.23,3997395312.0,95205.55
465,2015-06-09 00:00:00,96185.05,94965.44,3107583900.0,95329.68
466,2015-06-10 00:00:00,97617.3,95838.97,2854415930.0,97261.15
467,2015-06-11 00:00:00,98855.71,96772.03,3224579956.0,98724.81
468,2015-06-12 00:00:00,99176.24,98011.3,2608424045.0,98375.14
469,2015-06-15 00:00:00,98581.01,96449.35,2363847006.0,96449.35
470,2015-06-16 00:00:00,98494.77,96794.1,2434921527.0,98047.34
471,2015-06-17 00:00:00,99047.46,98136.58,2519086254.0,98712.19
472,2015-06-18 00:00:00,100667.53,99520.12,2270802913.0,100254.56
473,2015-06-19 00:00:00,101380.24,99939.46,2471463404.0,100881.08
474,2015-06-22 00:00:00,102606.13,101474.32,2565348881.0,102170.4
475,2015-06-23 00:00:00,102712.46,101103.43,3031850717.0,101624.2
476,2015-06-24 00:00:00,103125.81,101652.82,2897237378.0,102928.85
477,2015-06-25 00:00:00,103407.04,101758.28,3116125983.0,101844.86
478,2015-06-26 00:00:00,102546.29,101456.68,2235705676.0,102128.63
479,2015-06-29 00:00:00,101100.18,99895.13,2376000576.0,99895.13
480,2015-06-30 00:00:00,100707.9,99501.64,2572037719.0,100434.28
481,2015-07-01 00:00:00,101171.28,99445.66,2284236734.0,99445.66
482,2015-07-02 00:00:00,99852.99,98493.08,2565061245.0,99655.11
483,2015-07-03 00:00:00,100009.88,98819.06,1552151997.0,98819.06
484,2015-07-06 00:00:00,100495.71,98544.23,2377306088.0,100427.55
485,2015-07-07 00:00:00,100980.07,99170.66,2355813138.0,99170.66
486,2015-07-08 00:00:00,99036.54,97561.4,2692693045.0,97727.25
487,2015-07-09 00:00:00,100206.13,98360.7,1994947225.0,100132.81
488,2015-07-10 00:00:00,101659.57,100529.08,2482461441.0,100836.68
489,2015-07-13 00:00:00,102094.72,100452.83,2506199670.0,101697.35
490,2015-07-14 00:00:00,102695.6,100930.27,2416934690.0,101221.0
491,2015-07-15 00:00:00,101804.99,100448.72,1800751679.0,100721.87
492,2015-07-16 00:00:00,101053.99,100679.64,1374397761.0,100792.71
493,2015-07-20 00:00:00,100888.4,98449.93,2470143563.0,98900.95
494,2015-07-21 00:00:00,99607.27,98394.62,2472825500.0,99166.41
495,2015-07-22 00:00:00,99535.57,98075.4,2327761873.0,98900.86
496,2015-07-23 00:00:00,98820.84,95413.68,2617449307.0,95669.57
497,2015-07-24 00:00:00,96763.36,94947.43,2012671482.0,96055.31
498,2015-07-27 00:00:00,96650.65,94270.99,2438964273.0,94456.77
499,2015-07-28 00:00:00,96270.48,94888.98,2484020567.0,95353.23
500,2015-07-29 00:00:00,96311.89,94925.06,1963711927.0,95589.34
501,2015-07-30 00:00:00,96680.96,94879.87,2344058693.0,95858.99
502,2015-07-31 00:00:00,97934.85,95663.26,3275809041.0,97934.85
503,2015-08-03 00:00:00,97868.73,95549.71,2288156554.0,95748.38
504,2015-08-04 00:00:00,96504.06,95302.84,1946589570.0,95844.07
505,2015-08-05 00:00:00,96216.35,95158.36,1797114686.0,95651.85
506,2015-08-06 00:00:00,96864.96,95896.13,2253271787.0,96576.16
507,2015-08-07 00:00:00,96977.16,95803.36,1878041231.0,96168.72
508,2015-08-10 00:00:00,96636.94,94899.33,1994196057.0,95211.73
509,2015-08-11 00:00:00,98252.77,96447.52,2603378966.0,97993.72
510,2015-08-12 00:00:00,97230.07,96100.33,1949588609.0,96227.11
511,2015-08-13 00:00:00,96295.17,93408.03,3178129815.0,94829.03
512,2015-08-14 00:00:00,95534.53,94105.71,2468165814.0,94989.48
513,2015-08-17 00:00:00,95359.74,93723.61,2423984603.0,94467.7
514,2015-08-18 00:00:00,94349.63,93088.75,2340529754.0,93088.75
515,2015-08-19 00:00:00,93995.03,92074.55,2320776402.0,92217.58
516,2015-08-20 00:00:00,92006.86,90257.79,2737599212.0,91576.82
517,2015-08-21 00:00:00,91425.98,90051.18,2152574162.0,90442.85
518,2015-08-24 00:00:00,88965.37,85533.41,2549574862.0,87545.43
519,2015-08-25 00:00:00,90665.85,88341.04,2621562959.0,90324.53
520,2015-08-26 00:00:00,91189.36,89350.08,2610299645.0,90513.18
521,2015-08-27 00:00:00,92418.29,91499.37,2225600804.0,91906.43
522,2015-08-28 00:00:00,92307.31,90802.99,1720655245.0,91642.83
523,2015-08-31 00:00:00,92492.11,91433.98,1714572363.0,92360.81
524,2015-09-01 00:00:00,91958.93,89977.59,2353338049.0,90265.9
525,2015-09-02 00:00:00,91153.7,90072.34,2043432368.0,90395.45
526,2015-09-03 00:00:00,91370.02,89909.8,2175040160.0,90910.3
527,2015-09-04 00:00:00,90958.43,89444.13,2072467627.0,89546.88
528,2015-09-07 00:00:00,88951.12,87761.11,1484553254.0,88203.11
529,2015-09-08 00:00:00,89141.25,87846.48,1833336664.0,88473.65
530,2015-09-09 00:00:00,89526.81,88370.59,1843833896.0,88433.22
531,2015-09-10 00:00:00,88386.62,87413.27,2304401031.0,88276.51
532,2015-09-11 00:00:00,88440.97,87618.67,1877866997.0,87686.79
533,2015-09-14 00:00:00,88100.42,87238.06,2392222499.0,87593.45
534,2015-09-15 00:00:00,90050.46,87566.42,3213806028.0,89977.15
535,2015-09-16 00:00:00,91440.65,89752.86,2437788507.0,91159.21
536,2015-09-17 00:00:00,92227.07,90713.53,2268718317.0,92227.07
537,2015-09-18 00:00:00,92290.65,90771.48,2911983066.0,92290.65
538,2015-09-21 00:00:00,93417.78,91444.13,2452704242.0,93197.06
539,2015-09-22 00:00:00,93599.5,91458.36,2054224756.0,92003.42
540,2015-09-23 00:00:00,92181.86,91591.52,687332574.0,91591.52
541,2015-09-28 00:00:00,92239.67,89993.7,2291469336.0,89993.7
542,2015-09-29 00:00:00,91389.9,89102.61,3001982228.0,91282.85
543,2015-09-30 00:00:00,91871.33,90667.63,2983819147.0,91235.61
544,2015-10-01 00:00:00,92063.56,90888.1,2856524535.0,91620.93
545,2015-10-02 00:00:00,91818.35,90622.92,3052959725.0,91421.26
546,2015-10-05 00:00:00,94672.09,92568.36,3530988279.0,94671.44
547,2015-10-06 00:00:00,95607.33,94225.76,3028847590.0,95083.45
548,2015-10-07 00:00:00,96894.56,95521.11,4158244198.0,96864.94
549,2015-10-08 00:00:00,97571.28,95923.33,3545740073.0,96777.44
550,2015-10-09 00:00:00,98019.16,96919.49,3628858367.0,97534.41
551,2015-10-12 00:00:00,98032.05,96702.6,3317960570.0,97674.29
552,2015-10-13 00:00:00,97868.42,95763.87,3291122731.0,96349.8
553,2015-10-14 00:00:00,97869.01,96249.02,2875021415.0,97685.34
554,2015-10-15 00:00:00,98995.5,97476.37,3503951653.0,97476.37
555,2015-10-16 00:00:00,97947.13,96414.92,2683152775.0,96514.44
556,2015-10-19 00:00:00,98236.85,96894.83,2677472596.0,98030.71
557,2015-10-20 00:00:00,99147.49,97869.11,2917990255.0,99010.37
558,2015-10-21 00:00:00,98865.23,97283.17,3192827502.0,97959.6
559,2015-10-22 00:00:00,98986.55,98026.29,3008084219.0,98600.37
560,2015-10-23 00:00:00,99645.98,98418.13,3343143183.0,98470.99
561,2015-10-26 00:00:00,98846.17,97428.8,2414589079.0,97522.5
562,2015-10-27 00:00:00,97677.76,96201.38,2351365158.0,96889.1
563,2015-10-28 00:00:00,96907.43,96234.96,877776221.0,96907.43
564,2015-10-30 00:00:00,98365.84,95823.94,2748489502.0,98212.97
565,2015-11-02 00:00:00,104572.87,103107.85,5865031069.0,103593.64
566,2015-11-03 00:00:00,103858.36,102480.61,3820090225.0,102487.96
567,2015-11-04 00:00:00,103591.99,102932.25,3175393908.0,103434.1
568,2015-11-05 00:00:00,102954.64,101841.2,3057639096.0,102267.14
569,2015-11-06 00:00:00,102645.85,100737.65,2531205583.0,101002.73
570,2015-11-09 01:00:00,101792.08,100745.16,2670384034.0,100999.33
571,2015-11-10 01:00:00,101747.31,99907.03,2636613214.0,99907.03
572,2015-11-11 01:00:00,101442.48,100298.4,2825446265.0,100579.17
573,2015-11-12 01:00:00,101306.97,100201.34,2874495629.0,101210.01
574,2015-11-13 01:00:00,101385.64,100522.37,3077049691.0,100821.46
575,2015-11-16 01:00:00,100692.08,99606.93,2382375583.0,99632.25
576,2015-11-17 01:00:00,100698.21,99782.29,2690771651.0,99782.29
577,2015-11-18 01:00:00,100287.21,98815.35,2627246525.0,99070.76
578,2015-11-19 01:00:00,99805.85,98575.2,2744342717.0,98954.1
579,2015-11-20 01:00:00,99817.05,98864.37,2396317271.0,99265.65
580,2015-11-23 01:00:00,99371.2,98023.33,2186010751.0,98023.33
581,2015-11-24 01:00:00,98346.35,93625.75,5459291779.0,93744.71
582,2015-11-25 01:00:00,94550.71,92743.79,4636842348.0,94338.4
583,2015-11-26 01:00:00,94105.97,91951.6,3214489359.0,91951.6
584,2015-11-27 01:00:00,93888.44,91776.31,3647513636.0,92712.68
585,2015-11-30 01:00:00,93946.46,91985.14,2620958293.0,92191.64
586,2015-12-01 01:00:00,94146.62,92444.68,3660983629.0,94146.62
587,2015-12-02 01:00:00,95468.79,93415.28,4122969051.0,93606.89
588,2015-12-03 01:00:00,94617.53,92343.42,3507756310.0,92452.8
589,2015-12-04 01:00:00,93030.87,89790.72,3795125412.0,90901.61
590,2015-12-07 01:00:00,91342.44,89736.92,3259892697.0,90544.77
591,2015-12-08 01:00:00,90909.3,89379.42,2922915170.0,89595.14
592,2015-12-09 01:00:00,91785.21,89470.07,3325263515.0,91587.28
593,2015-12-10 01:00:00,92457.54,88323.71,4485428478.0,88771.97
594,2015-12-11 01:00:00,88978.79,86137.03,4383513952.0,86196.09
595,2015-12-14 01:00:00,88042.29,84730.03,3296531322.0,84893.12
596,2015-12-15 01:00:00,88946.46,85344.15,4348323210.0,88583.32
597,2015-12-16 01:00:00,89542.55,87570.52,3916471946.0,89380.06
598,2015-12-17 01:00:00,91082.18,89374.23,4161640342.0,90427.31
599,2015-12-18 01:00:00,90146.45,88390.26,2739153646.0,88788.1
600,2015-12-21 01:00:00,90483.77,89289.76,2743504135.0,89848.0
601,2015-12-22 01:00:00,89905.92,88212.72,2836602881.0,89411.76
602,2015-12-23 01:00:00,91182.59,90010.98,2645355267.0,90567.05
603,2015-12-24 01:00:00,90979.8,90256.74,1247571227.0,90582.96
604,2015-12-25 01:00:00,90778.42,90460.91,483294674.0,90751.79
605,2015-12-28 01:00:00,91707.34,90733.64,1890852802.0,90785.31
606,2015-12-29 01:00:00,91096.32,89979.59,2012368812.0,90360.97
607,2015-12-30 01:00:00,90446.36,89206.96,1420156630.0,89378.89
608,2015-12-31 01:00:00,89604.99,86955.4,1660266206.0,87428.49
609,2016-01-04 01:00:00,86338.29,85023.8,2148871873.0,85981.14
610,2016-01-05 01:00:00,86940.28,84502.58,2909461810.0,86147.25
611,2016-01-06 01:00:00,86970.83,84904.24,3730192650.0,86862.5
612,2016-01-07 01:00:00,87577.47,84994.29,3834260151.0,87417.44
613,2016-01-08 01:00:00,88226.75,85932.68,3486167642.0,86234.62
614,2016-01-11 01:00:00,87568.9,85517.25,2951985808.0,86825.17
615,2016-01-12 01:00:00,88216.83,86094.12,3798969559.0,87724.37
616,2016-01-13 01:00:00,89345.15,88057.84,3691800088.0,88710.4
617,2016-01-14 01:00:00,88901.46,87308.04,3635788654.0,88073.18
618,2016-01-15 01:00:00,88489.75,86359.13,3593058136.0,86953.78
619,2016-01-18 01:00:00,87660.24,86673.49,2347741887.0,87067.28
620,2016-01-19 01:00:00,88082.44,86670.67,2951901292.0,87041.44
621,2016-01-20 01:00:00,86652.72,85135.57,3071730998.0,85152.39
622,2016-01-21 01:00:00,85375.68,83480.87,3490488871.0,83911.77
623,2016-01-22 01:00:00,86322.07,84774.03,3142902779.0,86106.14
624,2016-01-25 01:00:00,87161.4,85837.02,2439903501.0,86329.06
625,2016-01-26 01:00:00,88031.93,85561.45,3430416534.0,87992.98
626,2016-01-27 01:00:00,89045.58,87906.47,3673789835.0,88213.32
627,2016-01-28 01:00:00,89326.99,88466.5,3585888495.0,88582.81
628,2016-01-29 01:00:00,90041.35,89496.14,3377519106.0,90041.35
629,2016-02-01 01:00:00,90031.09,89059.58,2586999293.0,89945.52
630,2016-02-02 01:00:00,90468.63,88649.64,3228881467.0,88649.64
631,2016-02-03 01:00:00,90218.7,87960.41,3779819139.0,89749.92
632,2016-02-04 01:00:00,91656.95,90630.67,4076383998.0,91410.45
633,2016-02-05 01:00:00,91733.58,90760.58,3069355522.0,91003.17
634,2016-02-08 01:00:00,91571.36,88208.18,4091586619.0,88211.43
635,2016-02-09 01:00:00,88002.8,86201.56,4120578988.0,87540.22
636,2016-02-10 01:00:00,88545.86,86676.73,3424200971.0,87778.23
637,2016-02-11 01:00:00,87362.07,85616.32,3910753749.0,87047.32
638,2016-02-12 01:00:00,87816.57,86919.2,3076282611.0,86960.63
639,2016-02-15 01:00:00,87989.44,85168.15,3606827893.0,87260.46
640,2016-02-16 01:00:00,88261.39,86926.55,2759594038.0,87104.71
641,2016-02-17 01:00:00,89511.16,86730.41,3484645568.0,89424.97
642,2016-02-18 01:00:00,90265.14,88818.76,3431508079.0,90265.14
643,2016-02-19 01:00:00,90206.55,89163.04,2505184308.0,89589.08
644,2016-02-22 01:00:00,91821.38,90272.33,2914759997.0,91821.38
645,2016-02-23 01:00:00,93099.12,91442.91,3536371315.0,92705.75
646,2016-02-24 01:00:00,93022.83,90782.03,3294971454.0,90995.74
647,2016-02-25 01:00:00,92853.56,91329.96,3254828683.0,92462.36
648,2016-02-26 01:00:00,93512.32,91992.49,3110548623.0,92129.89
649,2016-02-29 01:00:00,93455.24,91409.75,3175288133.0,93244.75
650,2016-03-01 01:00:00,93725.3,92963.9,2549529340.0,93338.97
651,2016-03-02 01:00:00,94643.9,93749.93,3235116267.0,94315.36
652,2016-03-03 01:00:00,95235.19,93854.25,3203220430.0,94336.5
653,2016-03-04 01:00:00,94813.46,93486.06,3622376326.0,94803.16
654,2016-03-07 01:00:00,95764.16,94586.77,3381662297.0,95014.12
655,2016-03-08 01:00:00,95963.72,94557.94,3532769424.0,95379.78
656,2016-03-09 01:00:00,96781.37,94952.39,3678399649.0,96781.37
657,2016-03-10 01:00:00,98116.44,96499.56,4861355407.0,97293.44
658,2016-03-11 01:00:00,98070.33,96967.57,3238470300.0,97843.52
659,2016-03-14 01:00:00,98720.72,97603.29,3255148556.0,98703.02
660,2016-03-15 01:00:00,98649.16,96907.66,3638131404.0,97267.0
661,2016-03-16 01:00:00,97888.95,96398.96,2947141836.0,97552.61
662,2016-03-17 01:00:00,100313.42,98915.04,4039992058.0,100279.46
663,2016-03-18 01:00:00,102342.85,100039.33,4048458947.0,102342.85
664,2016-03-21 01:00:00,103044.81,101629.52,4134700033.0,102858.58
665,2016-03-22 01:00:00,102084.43,99737.92,5635876259.0,100784.95
666,2016-03-23 01:00:00,100675.43,98720.69,4504538990.0,99011.9
667,2016-03-24 01:00:00,100368.25,98651.03,3961028307.0,100285.48
668,2016-03-25 01:00:00,100772.43,100118.53,1127291495.0,100184.33
669,2016-03-28 00:00:00,100666.62,99478.81,1306673694.0,100163.31
670,2016-03-29 00:00:00,101343.37,100275.65,2868710614.0,100554.87
671,2016-03-30 00:00:00,102268.13,101274.92,3545017033.0,101993.15
672,2016-03-31 00:00:00,102596.71,101380.54,3187467092.0,102348.55
673,2016-04-01 00:00:00,102072.54,100445.41,2921382152.0,101055.91
674,2016-04-04 00:00:00,102934.93,101285.21,3097825211.0,102934.93
675,2016-04-05 00:00:00,102667.59,101118.73,3259499224.0,101803.12
676,2016-04-06 00:00:00,101805.02,99707.01,3391796406.0,99707.01
677,2016-04-07 00:00:00,100642.04,99073.06,2830202770.0,99192.46
678,2016-04-08 00:00:00,101095.22,98815.7,2821668717.0,100988.84
679,2016-04-11 00:00:00,103105.19,100648.61,3537451315.0,102924.78
680,2016-04-12 00:00:00,103422.98,101792.16,3666485484.0,102425.85
681,2016-04-13 00:00:00,105260.1,102733.41,4376195752.0,105113.02
682,2016-04-14 00:00:00,105828.97,104583.54,3905650456.0,105256.33
683,2016-04-15 00:00:00,105754.5,103827.39,3202334601.0,104894.9
684,2016-04-18 00:00:00,105989.92,104113.16,3771280592.0,105912.02
685,2016-04-19 00:00:00,106402.8,105240.98,3479381243.0,105826.83
686,2016-04-20 00:00:00,106731.83,104657.38,4766111050.0,105022.47
687,2016-04-21 00:00:00,106217.25,104531.01,3210921091.0,105298.24
688,2016-04-22 00:00:00,105626.43,104668.98,3048972351.0,105523.36
689,2016-04-25 00:00:00,105488.06,104310.8,2668697053.0,104406.03
690,2016-04-26 00:00:00,105622.68,104389.85,3031612770.0,105346.7
691,2016-04-27 00:00:00,105857.71,104614.27,2667261267.0,104752.98
692,2016-04-28 00:00:00,105096.38,103917.91,3309713276.0,104956.57
693,2016-04-29 00:00:00,105228.75,104123.37,2440857053.0,104799.45
694,2016-05-02 00:00:00,104711.58,102921.3,1971271338.0,102957.67
695,2016-05-03 00:00:00,103585.07,99312.5,4191862079.0,99558.55
696,2016-05-04 00:00:00,99559.63,97061.96,4809538147.0,97428.66
697,2016-05-05 00:00:00,98067.55,95149.89,5112636989.0,96472.39
698,2016-05-06 00:00:00,96577.7,94488.06,5025650350.0,95967.26
699,2016-05-09 00:00:00,97710.27,96541.31,2894898803.0,96770.98
700,2016-05-10 00:00:00,97395.81,96016.25,3094488232.0,96576.07
701,2016-05-11 00:00:00,97054.98,95527.02,3058238163.0,96835.94
702,2016-05-12 00:00:00,97527.46,95791.18,3166920896.0,95853.16
703,2016-05-13 00:00:00,96240.64,94870.31,2942795020.0,95131.86
704,2016-05-16 00:00:00,95760.41,93802.62,2224411217.0,94258.41
705,2016-05-17 00:00:00,95283.39,93591.0,3087841346.0,94642.27
706,2016-05-18 00:00:00,95027.14,93588.9,3422994983.0,94576.56
707,2016-05-20 00:00:00,94864.54,93279.94,3225430148.0,93354.56
708,2016-05-23 00:00:00,94238.83,93125.93,2201993084.0,93956.87
709,2016-05-24 00:00:00,97607.32,93532.91,4764504875.0,97521.59
710,2016-05-25 00:00:00,98119.94,96386.79,3237892474.0,96415.77
711,2016-05-26 00:00:00,96383.72,95060.82,3066297130.0,95637.13
712,2016-05-27 00:00:00,96269.1,95319.93,2000400800.0,95656.51
713,2016-05-30 00:00:00,96828.63,95526.86,1489217099.0,96391.39
714,2016-05-31 00:00:00,97162.7,95501.38,3046643624.0,95501.38
715,2016-06-01 00:00:00,95791.42,94564.88,2371455357.0,94609.9
716,2016-06-02 00:00:00,95145.38,93504.76,2086765705.0,93596.59
717,2016-06-03 00:00:00,96505.52,93826.26,2941826270.0,96010.71
718,2016-06-06 00:00:00,97089.04,96225.96,2118532645.0,96554.92
719,2016-06-07 00:00:00,97687.54,95801.14,3095819157.0,95979.08
720,2016-06-08 00:00:00,97209.03,95375.01,2891294614.0,96891.83
721,2016-06-09 00:00:00,97041.9,95337.42,2575375893.0,95409.48
722,2016-06-10 00:00:00,95635.71,94245.97,2258311166.0,94447.53
723,2016-06-13 00:00:00,94212.06,92655.64,2502501158.0,94175.65
724,2016-06-14 00:00:00,94276.64,92671.07,2896467150.0,93095.83
725,2016-06-15 00:00:00,94187.6,93425.71,2129004781.0,93706.48
726,2016-06-16 00:00:00,93528.95,91749.34,1766088130.0,91749.34
727,2016-06-17 00:00:00,93268.02,92066.41,2197219775.0,92835.36
728,2016-06-20 00:00:00,95616.04,94128.9,2219321162.0,95592.52
729,2016-06-21 00:00:00,96270.51,95300.34,2649733850.0,95608.85
730,2016-06-22 00:00:00,96225.27,95115.75,1932500103.0,95363.94
731,2016-06-23 00:00:00,96813.8,95281.11,2801323444.0,96361.61
732,2016-06-24 00:00:00,93278.23,91471.05,3131989920.0,92948.44
733,2016-06-27 00:00:00,93669.74,92248.16,3206684490.0,92681.27
734,2016-06-28 00:00:00,95163.55,93570.15,2853409301.0,94950.16
735,2016-06-29 00:00:00,95432.07,94170.53,3269747079.0,94514.97
736,2016-06-30 00:00:00,95337.58,94125.75,2608335859.0,94535.22
737,2016-07-01 00:00:00,96032.71,95033.47,1994128262.0,95972.55
738,2016-07-04 00:00:00,96436.09,95970.96,556088925.0,96436.09
739,2016-07-08 00:00:00,96379.12,95477.87,2175035137.0,95922.08
740,2016-07-11 00:00:00,97603.05,96712.66,2446061283.0,97503.28
741,2016-07-12 00:00:00,100087.89,97498.53,4164819719.0,100087.89
742,2016-07-13 00:00:00,100665.08,99711.19,3562809216.0,100194.82
743,2016-07-14 00:00:00,102020.92,100518.09,3362277863.0,101868.48
744,2016-07-15 00:00:00,102054.86,101351.23,2513937009.0,102054.86
745,2016-07-18 00:00:00,100087.96,93322.82,6209034615.0,95211.31
746,2016-07-19 00:00:00,96727.46,93795.12,5390885100.0,94049.66
747,2016-07-20 00:00:00,94921.46,92133.13,4326856354.0,92502.76
748,2016-07-21 00:00:00,91708.61,88232.93,4597034846.0,88284.36
749,2016-07-22 00:00:00,89752.38,86707.41,3811534781.0,88280.43
750,2016-07-25 00:00:00,91391.81,89014.54,3039376068.0,91090.94
751,2016-07-26 00:00:00,91896.35,89862.59,2782580492.0,90461.58
752,2016-07-27 00:00:00,92128.89,90529.38,2572842706.0,92119.75
753,2016-07-28 00:00:00,93179.04,91761.06,2549510409.0,92216.26
754,2016-07-29 00:00:00,92767.61,91212.39,2421761511.0,92466.28
755,2016-08-01 00:00:00,94208.88,93401.83,2193077781.0,94002.06
756,2016-08-02 00:00:00,94219.6,92836.0,2528144991.0,92836.0
757,2016-08-03 00:00:00,92855.98,90821.02,2302282094.0,91305.7
758,2016-08-04 00:00:00,93393.03,90875.44,3100020852.0,93378.5
759,2016-08-05 00:00:00,94190.81,92079.13,2512329146.0,93329.92
760,2016-08-08 00:00:00,95786.56,94523.54,2918373761.0,95565.4
761,2016-08-09 00:00:00,96892.54,95424.54,4666545367.0,96447.04
762,2016-08-10 00:00:00,96748.77,95213.72,3297305581.0,95767.72
763,2016-08-11 00:00:00,97128.91,95490.65,2783075696.0,97094.47
764,2016-08-12 00:00:00,97534.06,95749.09,2783523474.0,96045.81
765,2016-08-15 00:00:00,97041.32,95964.67,2052170897.0,96258.09
766,2016-08-16 00:00:00,96880.8,95374.34,2574231814.0,95477.27
767,2016-08-17 00:00:00,96633.24,95262.26,2467689923.0,96036.53
768,2016-08-18 00:00:00,96988.93,95451.35,2120063555.0,95864.28
769,2016-08-19 00:00:00,96215.5,94962.73,1909321977.0,96137.17
770,2016-08-22 00:00:00,96021.51,95191.37,1862601479.0,95780.96
771,2016-08-23 00:00:00,96233.56,95032.13,2600173382.0,95032.13
772,2016-08-24 00:00:00,93716.49,92251.24,2948159035.0,93482.05
773,2016-08-25 00:00:00,94469.16,93760.15,2499666330.0,94198.22
774,2016-08-26 00:00:00,94902.25,93452.22,2068083575.0,94668.3
775,2016-08-29 00:00:00,94413.09,93197.4,1553689447.0,93286.67
776,2016-08-31 00:00:00,93869.33,93032.93,2332053076.0,93169.73
777,2016-09-01 00:00:00,93707.01,92910.68,1920449624.0,93098.89
778,2016-09-02 00:00:00,94502.26,93195.82,2408499721.0,94395.17
779,2016-09-05 00:00:00,95582.37,94816.67,2262803911.0,95539.88
780,2016-09-06 00:00:00,96080.64,95408.32,2132753817.0,95825.82
781,2016-09-07 00:00:00,96202.0,95147.93,2022371696.0,95401.19
782,2016-09-08 00:00:00,96135.63,95144.0,2373487748.0,95674.83
783,2016-09-09 00:00:00,95537.69,94570.55,2725511017.0,94627.43
784,2016-09-16 00:00:00,94859.24,93247.86,2407613604.0,93273.29
785,2016-09-19 00:00:00,95411.49,93897.5,2187561884.0,95299.35
786,2016-09-20 00:00:00,95337.23,94420.64,2182539005.0,94798.65
787,2016-09-21 00:00:00,95841.75,94528.93,2493724703.0,95525.23
788,2016-09-22 00:00:00,98147.23,96643.43,3712617241.0,98015.13
789,2016-09-23 00:00:00,98395.98,97630.03,2697074875.0,97881.04
790,2016-09-26 00:00:00,94431.35,93304.95,3647652709.0,94047.56
791,2016-09-27 00:00:00,94958.5,93911.18,2904698810.0,94596.98
792,2016-09-28 00:00:00,95407.79,94628.09,2561718758.0,95209.63
793,2016-09-29 00:00:00,95406.55,93996.14,2618783198.0,94384.31
794,2016-09-30 00:00:00,93979.03,93217.37,2210470002.0,93643.42
795,2016-10-03 00:00:00,94803.82,94176.36,1942525101.0,94477.51
796,2016-10-04 00:00:00,94816.1,93980.48,2433261324.0,94193.55
797,2016-10-05 00:00:00,95403.05,93404.74,3034430780.0,95225.88
798,2016-10-06 00:00:00,96173.36,95185.69,2773475972.0,95259.04
799,2016-10-07 00:00:00,95991.87,94901.37,2372895152.0,95331.84
800,2016-10-10 00:00:00,95961.11,94910.56,2361057265.0,95147.3
801,2016-10-11 00:00:00,95149.53,94325.03,2427913545.0,94829.31
802,2016-10-12 00:00:00,95372.36,94189.09,2539736390.0,94622.4
803,2016-10-13 00:00:00,94759.39,93531.04,2904452107.0,93800.42
804,2016-10-14 00:00:00,94854.81,93696.99,2261126549.0,94665.51
805,2016-10-17 00:00:00,94803.48,93887.9,2179852427.0,94502.24
806,2016-10-18 00:00:00,95836.06,94951.3,3255578769.0,95723.16
807,2016-10-19 00:00:00,96928.21,95934.3,2656246275.0,96838.3
808,2016-10-20 00:00:00,97281.23,96615.73,2952711900.0,96920.8
809,2016-10-21 00:00:00,96998.69,96194.7,1829427218.0,96373.63
810,2016-10-24 00:00:00,97920.49,96785.57,2269104807.0,97749.25
811,2016-10-25 00:00:00,98223.27,96969.36,2503003867.0,97074.73
812,2016-10-26 00:00:00,97364.39,96537.9,2443130350.0,97073.77
813,2016-10-27 00:00:00,97169.49,96016.14,1912183111.0,96110.12
814,2016-10-28 00:00:00,96136.09,95333.31,970522734.0,95700.96
815,2016-10-31 00:00:00,96373.47,95540.83,1682078968.0,96017.63
816,2016-11-01 00:00:00,96544.57,94604.85,2678687539.0,94693.26
817,2016-11-02 00:00:00,94897.45,94322.4,2200846575.0,94338.79
818,2016-11-03 00:00:00,94816.52,93680.14,2181009315.0,93742.61
819,2016-11-04 00:00:00,92902.63,90686.33,3430879780.0,90706.15
820,2016-11-07 00:00:00,92745.06,91853.48,2783006160.0,92411.04
821,2016-11-08 00:00:00,93393.88,91758.99,3004404843.0,93227.84
822,2016-11-09 00:00:00,93091.87,90994.94,3331168125.0,92992.56
823,2016-11-10 00:00:00,94180.67,93200.95,3116554094.0,93200.95
824,2016-11-11 00:00:00,93261.54,91757.03,2878553115.0,91779.39
825,2016-11-14 00:00:00,92097.95,90614.91,2656592203.0,90813.88
826,2016-11-15 00:00:00,91964.2,91110.38,2839221494.0,91824.99
827,2016-11-16 00:00:00,92152.58,90819.4,2731351797.0,91260.98
828,2016-11-17 00:00:00,92415.65,91335.12,2552244196.0,91696.48
829,2016-11-18 00:00:00,92635.96,90909.84,2866600996.0,92429.3
830,2016-11-21 00:00:00,92787.88,91801.92,2344176268.0,92319.86
831,2016-11-22 00:00:00,93164.6,92094.14,2434919114.0,92592.76
832,2016-11-23 00:00:00,93054.55,91607.43,2378757857.0,91664.95
833,2016-11-24 00:00:00,92831.46,90546.03,3661179474.0,90656.63
834,2016-11-25 00:00:00,91206.37,90106.01,2455567465.0,90934.82
835,2016-11-28 00:00:00,92154.84,91607.62,2111146649.0,91765.22
836,2016-11-29 00:00:00,91901.04,90705.92,2425591492.0,90727.49
837,2016-11-30 00:00:00,91178.33,90006.11,2653334136.0,90430.39
838,2016-12-01 00:00:00,90577.04,88497.94,2427681648.0,88691.42
839,2016-12-02 00:00:00,90026.61,87755.4,2974670521.0,89808.28
840,2016-12-05 00:00:00,90783.65,89299.33,2732614712.0,89980.21
841,2016-12-06 00:00:00,92323.99,90471.66,3155064060.0,92286.16
842,2016-12-07 00:00:00,93193.43,91985.6,3223199888.0,93045.24
843,2016-12-08 00:00:00,93604.63,91919.29,2971420512.0,92962.39
844,2016-12-09 00:00:00,93285.12,92500.53,1807426875.0,92690.71
845,2016-12-12 00:00:00,93337.99,91611.89,2093017334.0,93337.99
846,2016-12-13 00:00:00,94361.6,93389.79,2784613287.0,94333.15
847,2016-12-14 00:00:00,94479.73,93646.91,2028972458.0,94259.74
848,2016-12-15 00:00:00,95221.21,93440.32,3221319648.0,95221.21
849,2016-12-16 00:00:00,95487.07,94842.28,2226259430.0,95068.57
850,2016-12-19 00:00:00,95437.6,94430.51,1988682893.0,94430.51
851,2016-12-20 00:00:00,95302.08,94057.95,2113975931.0,95221.84
852,2016-12-21 00:00:00,95654.16,94849.13,2028128467.0,94913.35
853,2016-12-22 00:00:00,95222.2,94549.04,1801059420.0,94741.73
854,2016-12-23 00:00:00,94952.33,94102.61,1332335099.0,94209.98
855,2016-12-26 00:00:00,94533.74,94220.62,356273422.0,94220.62
856,2016-12-27 00:00:00,94536.28,93737.63,889052113.0,93901.43
857,2016-12-28 00:00:00,94960.72,93606.76,1468496312.0,94929.88
858,2016-12-29 00:00:00,95393.4,94772.24,1163867202.0,95183.52
859,2016-12-30 00:00:00,95710.15,95057.54,1189816567.0,95498.58
860,2017-01-02 00:00:00,95262.71,94733.5,931764081.0,94876.1
861,2017-01-03 00:00:00,95119.08,93334.57,2613341085.0,93341.53
862,2017-01-04 00:00:00,93832.48,92277.95,2149989207.0,92645.25
863,2017-01-05 00:00:00,93501.5,92076.59,3006367746.0,93052.82
864,2017-01-06 00:00:00,93964.1,92690.46,2072541043.0,93891.9
865,2017-01-09 00:00:00,94536.52,93250.23,2066987984.0,94246.61
866,2017-01-10 00:00:00,94602.59,93803.94,3017186054.0,94133.98
867,2017-01-11 00:00:00,94631.67,93118.88,3208683157.0,94457.32
868,2017-01-12 00:00:00,99064.63,94711.03,6827396117.0,98762.01
869,2017-01-13 00:00:00,99754.58,98036.75,4671861578.0,99607.09
870,2017-01-16 00:00:00,100264.08,99217.44,3189467585.0,99614.25
871,2017-01-17 00:00:00,100660.84,99531.3,4050147232.0,100375.38
872,2017-01-18 00:00:00,101007.51,99983.71,4029147399.0,100899.78
873,2017-01-19 00:00:00,101620.18,100065.54,3355198300.0,100379.49
874,2017-01-20 00:00:00,101580.82,99976.86,2720342044.0,101342.67
875,2017-01-23 00:00:00,101941.71,101113.18,2379090310.0,101325.23
876,2017-01-24 00:00:00,102990.07,101096.69,4437363214.0,102893.76
877,2017-01-25 00:00:00,102942.39,101075.36,3323742981.0,101485.58
878,2017-01-26 00:00:00,102663.37,101192.33,3244989263.0,102423.74
879,2017-01-27 00:00:00,102951.99,101905.51,2453349180.0,102563.05
880,2017-01-30 00:00:00,105838.05,102335.46,5062109448.0,105745.27
881,2017-01-31 00:00:00,106344.79,105288.38,4268502005.0,105850.34
882,2017-02-01 00:00:00,106627.27,105409.08,3449083904.0,106544.91
883,2017-02-02 00:00:00,107555.34,106437.85,4162603028.0,107206.54
884,2017-02-03 00:00:00,108530.99,106680.53,3481836880.0,108530.99
885,2017-02-06 00:00:00,110094.33,107088.92,4400270505.0,107101.27
886,2017-02-07 00:00:00,108044.19,106436.03,3715981811.0,107242.18
887,2017-02-08 00:00:00,108449.73,106989.49,3598535401.0,108223.76
888,2017-02-09 00:00:00,109237.87,107665.27,4096188327.0,109002.37
889,2017-02-10 00:00:00,109699.48,106900.02,3992348104.0,107123.7
890,2017-02-13 00:00:00,108935.54,107155.46,2774821924.0,108601.77
891,2017-02-14 00:00:00,108943.34,107208.65,4549142527.0,108049.01
892,2017-02-15 00:00:00,108694.84,107539.53,3850757307.0,107780.95
893,2017-02-16 00:00:00,108554.33,107908.59,2761806935.0,108212.05
894,2017-02-17 00:00:00,109318.11,108031.24,2741090244.0,109112.23
895,2017-02-20 00:00:00,110107.26,108590.32,3231488881.0,108783.82
896,2017-02-21 00:00:00,109670.88,108929.92,2522913962.0,109243.19
897,2017-02-22 00:00:00,109375.18,107224.49,3243963565.0,108733.11
898,2017-02-23 00:00:00,109697.62,108955.75,3046782002.0,109509.6
899,2017-02-24 00:00:00,109612.83,107870.47,2940249223.0,108377.63
900,2017-02-27 00:00:00,108706.41,107650.48,1851580437.0,107729.77
901,2017-02-28 00:00:00,108010.54,107089.78,2988195363.0,107406.53
902,2017-03-01 00:00:00,109766.22,107588.95,3704563827.0,109751.93
903,2017-03-02 00:00:00,110630.27,109840.74,3136563370.0,110513.13
904,2017-03-03 00:00:00,110437.59,109714.73,2876999509.0,110216.61
905,2017-03-06 00:00:00,112497.74,110651.72,3010177113.0,112004.79
906,2017-03-07 00:00:00,112466.23,111367.21,2860772586.0,111678.33
907,2017-03-08 00:00:00,111767.52,109354.43,3712743209.0,109851.33
908,2017-03-09 00:00:00,109830.88,108742.9,2711439377.0,109247.31
909,2017-03-10 00:00:00,110376.43,109568.86,2205996486.0,109998.68
910,2017-03-13 00:00:00,110002.08,108972.31,1941671772.0,109707.73
911,2017-03-14 00:00:00,109949.42,109258.45,2339308034.0,109294.04
912,2017-03-15 00:00:00,110448.49,109562.7,2680241428.0,109840.49
913,2017-03-16 00:00:00,111566.41,110637.75,2848124991.0,110840.11
914,2017-03-17 00:00:00,111634.53,110700.65,2791627027.0,111133.38
915,2017-03-20 00:00:00,111666.64,110655.86,1712473357.0,111666.64
916,2017-03-21 00:00:00,112437.92,110980.85,3005227752.0,111204.12
917,2017-03-22 00:00:00,110619.32,109428.91,2670466163.0,110153.11
918,2017-03-23 00:00:00,110621.72,109838.43,2439227618.0,110033.57
919,2017-03-24 00:00:00,110906.85,109890.82,2324801001.0,110906.85
920,2017-03-27 00:00:00,110852.92,109718.1,2550259000.0,109853.05
921,2017-03-28 00:00:00,110874.85,110215.99,2656331426.0,110687.72
922,2017-03-29 00:00:00,109797.98,108898.51,3949440025.0,109486.12
923,2017-03-30 00:00:00,109973.11,109247.98,2104338153.0,109509.18
924,2017-03-31 00:00:00,109860.73,108918.49,2486258939.0,109013.66
925,2017-04-03 00:00:00,109133.37,108492.57,1846602805.0,108629.47
926,2017-04-04 00:00:00,108674.55,107637.1,2292740480.0,108424.09
927,2017-04-05 00:00:00,109012.73,107818.74,2675107215.0,109012.73
928,2017-04-06 00:00:00,108804.36,108318.51,1982353826.0,108526.32
929,2017-04-07 00:00:00,108760.71,108101.67,2138457887.0,108411.22
930,2017-04-10 00:00:00,112280.35,108662.66,4641790448.0,112143.71
931,2017-04-11 00:00:00,112895.98,111558.77,4129905985.0,111711.26
932,2017-04-12 00:00:00,112541.29,111765.25,2662752907.0,111769.9
933,2017-04-13 00:00:00,112182.61,110253.67,2646740973.0,110409.17
934,2017-04-14 00:00:00,111431.62,109720.26,1796587485.0,110901.94
935,2017-04-17 00:00:00,111836.35,110601.22,2657844907.0,111316.11
936,2017-04-18 00:00:00,113137.95,110926.31,4103346305.0,112282.29
937,2017-04-19 00:00:00,112910.47,111045.84,4626380647.0,111520.11
938,2017-04-20 00:00:00,113132.1,111874.42,3925626570.0,113018.58
939,2017-04-21 00:00:00,114238.7,113465.3,3502824571.0,113692.64
940,2017-04-24 00:00:00,115400.93,114034.6,3940458394.0,115400.93
941,2017-04-25 00:00:00,116535.25,114624.96,3998258936.0,116535.25
942,2017-04-26 00:00:00,117108.88,116086.85,4716500623.0,116392.78
943,2017-04-27 00:00:00,117290.34,115965.61,3767364054.0,116090.47
944,2017-04-28 00:00:00,117043.14,115621.6,3379464959.0,116665.38
945,2017-05-02 00:00:00,117441.84,115984.66,3476723628.0,116055.23
946,2017-05-03 00:00:00,116450.24,115109.6,3018789650.0,115390.56
947,2017-05-04 00:00:00,115671.49,114254.69,4236965449.0,114318.78
948,2017-05-05 00:00:00,115780.49,114393.25,4171771208.0,115501.57
949,2017-05-08 00:00:00,116340.69,115154.86,4047616806.0,115325.47
950,2017-05-09 00:00:00,117391.81,115145.18,4257204482.0,117370.27
951,2017-05-10 00:00:00,118506.73,116890.94,5158175842.0,118502.38
952,2017-05-11 00:00:00,118884.91,116885.48,4493987717.0,116934.28
953,2017-05-12 00:00:00,117851.18,116425.9,3298383866.0,116848.61
954,2017-05-15 00:00:00,117903.93,117052.58,3024079370.0,117561.24
955,2017-05-16 00:00:00,118599.88,117702.27,4473511285.0,118374.62
956,2017-05-17 00:00:00,118946.07,117306.38,5044021028.0,117750.94
957,2017-05-18 00:00:00,117624.35,116058.78,3654659000.0,117026.52
958,2017-05-22 00:00:00,118721.85,117993.54,3647406312.0,118637.53
959,2017-05-23 00:00:00,120247.43,118229.97,4171790519.0,120171.75
960,2017-05-24 00:00:00,121624.96,120157.54,5505864382.0,121059.9
961,2017-05-25 00:00:00,120816.14,119706.84,5376704118.0,120102.63
962,2017-05-26 00:00:00,120408.0,119351.18,3528143629.0,119827.13
963,2017-05-29 00:00:00,120643.82,119786.87,1791513671.0,120062.42
964,2017-05-30 00:00:00,120371.78,119286.87,3037724781.0,119549.55
965,2017-05-31 00:00:00,121007.06,119562.0,4644936918.0,119746.15
966,2017-06-01 00:00:00,120195.08,118930.06,3392326594.0,119559.55
967,2017-06-02 00:00:00,121495.97,120349.99,3377583184.0,121495.97
968,2017-06-05 00:00:00,122022.32,120175.38,4041496976.0,120612.96
969,2017-06-06 00:00:00,121067.87,120004.78,3096042251.0,120789.52
970,2017-06-07 00:00:00,121399.29,119749.98,4057518272.0,119965.61
971,2017-06-08 00:00:00,120470.65,119837.42,2826079036.0,120322.65
972,2017-06-09 00:00:00,122019.39,120856.56,3301052688.0,121530.88
973,2017-06-12 00:00:00,122586.15,121416.87,3176525107.0,122252.79
974,2017-06-13 00:00:00,122964.34,121448.67,3625702196.0,121968.77
975,2017-06-14 00:00:00,122642.12,121622.81,3007744143.0,122310.45
976,2017-06-15 00:00:00,121779.97,120786.49,2466234698.0,121184.93
977,2017-06-16 00:00:00,121520.73,120212.82,2381106253.0,120531.94
978,2017-06-19 00:00:00,121984.04,121200.06,2383098262.0,121984.04
979,2017-06-20 00:00:00,122666.65,121459.94,2296706556.0,121764.35
980,2017-06-21 00:00:00,122281.66,121035.18,2039244676.0,121998.04
981,2017-06-22 00:00:00,122789.23,121976.03,2126647432.0,122689.98
982,2017-06-23 00:00:00,122992.43,122220.16,2131753103.0,122292.82
983,2017-06-28 00:00:00,123564.88,121937.0,3231816766.0,123564.88
984,2017-06-29 00:00:00,124045.35,122820.85,2937284584.0,123075.33
985,2017-06-30 00:00:00,123758.27,122531.74,2727246694.0,123307.67
986,2017-07-03 00:00:00,123925.52,123211.63,2319998943.0,123342.6
987,2017-07-04 00:00:00,124256.85,123207.47,3182008502.0,124256.85
988,2017-07-05 00:00:00,124493.17,123704.1,2469276709.0,123704.1
989,2017-07-06 00:00:00,124484.42,123227.92,3422106976.0,123615.16
990,2017-07-07 00:00:00,123961.71,122924.26,2494918170.0,122924.26
991,2017-07-10 00:00:00,124383.59,123562.5,2327226934.0,124249.81
992,2017-07-11 00:00:00,127495.99,124041.28,4773397178.0,127002.14
993,2017-07-12 00:00:00,128458.1,126871.12,3619468864.0,127853.23
994,2017-07-13 00:00:00,129176.42,127686.49,3537512847.0,128210.2
995,2017-07-14 00:00:00,129623.16,128343.95,2501493686.0,129580.98
996,2017-07-17 00:00:00,131163.12,129526.05,3068177518.0,130909.99
997,2017-07-18 00:00:00,130931.15,130031.56,3066590986.0,130222.76
998,2017-07-19 00:00:00,132746.83,130765.18,4050497223.0,132534.25
999,2017-07-20 00:00:00,132932.46,131491.38,3844194013.0,131640.47
1000,2017-07-21 00:00:00,132125.22,130673.5,3460568385.0,131639.4
1001,2017-07-24 00:00:00,132484.22,131231.08,3114783495.0,131403.52
1002,2017-07-25 00:00:00,132352.52,131661.58,3293690642.0,131676.08
1003,2017-07-26 00:00:00,132239.89,131373.1,2819789053.0,131702.24
1004,2017-07-27 00:00:00,133407.45,132453.29,3075804300.0,133143.54
1005,2017-07-28 00:00:00,132963.99,132150.62,2623913596.0,132280.04
1006,2017-07-31 00:00:00,132842.91,131824.77,2716167073.0,132064.83
1007,2017-08-01 00:00:00,132640.25,130275.6,3390211900.0,130375.06
1008,2017-08-02 00:00:00,131142.55,130096.79,2843335109.0,130724.46
1009,2017-08-03 00:00:00,131862.11,131186.96,3005971756.0,131671.9
1010,2017-08-04 00:00:00,133704.06,131818.36,3373802331.0,133554.94
1011,2017-08-07 00:00:00,135213.93,134234.32,3170244635.0,134940.06
1012,2017-08-08 00:00:00,135652.12,134493.03,2925402586.0,134781.5
1013,2017-08-09 00:00:00,134307.42,133279.38,2855687679.0,133522.72
1014,2017-08-10 00:00:00,134432.64,132333.7,2669014858.0,132333.7
1015,2017-08-11 00:00:00,131968.79,130133.61,3590018461.0,131204.22
1016,2017-08-14 00:00:00,134530.95,132365.85,3783903389.0,134439.4
1017,2017-08-15 00:00:00,135290.2,131515.78,4111940177.0,131515.78
1018,2017-08-16 00:00:00,132694.91,129160.52,4305829329.0,131509.9
1019,2017-08-17 00:00:00,132496.82,130913.86,3411246204.0,131442.75
1020,2017-08-18 00:00:00,131923.82,130263.63,2284482978.0,131836.62
1021,2017-08-21 00:00:00,134024.83,131222.57,2979888089.0,133647.37
1022,2017-08-22 00:00:00,134456.67,133245.82,3206323348.0,133514.15
1023,2017-08-23 00:00:00,134330.18,133486.88,2889783969.0,134022.7
1024,2017-08-24 00:00:00,135556.77,134135.04,3376143742.0,134317.74
1025,2017-08-25 00:00:00,135734.1,134167.68,2408354696.0,135080.16
1026,2017-08-28 00:00:00,136053.33,135240.55,2195440512.0,135875.76
1027,2017-08-29 00:00:00,136010.29,134693.3,2756369351.0,136010.29
1028,2017-08-31 00:00:00,136130.33,135302.76,1318276938.0,135426.64
1029,2017-09-05 00:00:00,135966.2,133631.82,3297693666.0,133783.17
1030,2017-09-06 00:00:00,135100.66,133478.27,3264161023.0,134731.73
1031,2017-09-07 00:00:00,135247.65,133863.89,3760823029.0,134612.74
1032,2017-09-08 00:00:00,134849.8,132424.07,3549510157.0,132869.49
1033,2017-09-11 00:00:00,134599.45,133444.76,3381630614.0,134057.53
1034,2017-09-12 00:00:00,134373.83,133044.18,4291239417.0,133655.94
1035,2017-09-13 00:00:00,134072.88,132396.72,3940263227.0,132396.72
1036,2017-09-14 00:00:00,133343.78,131776.85,3488389943.0,132636.9
1037,2017-09-15 00:00:00,132910.24,131903.36,2853825511.0,131971.74
1038,2017-09-18 00:00:00,132293.04,130591.53,3297321073.0,130639.91
1039,2017-09-19 00:00:00,130841.83,128295.52,4194704750.0,128636.4
1040,2017-09-20 00:00:00,129525.95,128185.26,3271169261.0,129211.01
1041,2017-09-21 00:00:00,129357.21,127398.43,3025821988.0,127605.71
1042,2017-09-22 00:00:00,128531.58,126931.77,2794451911.0,127860.29
1043,2017-09-25 00:00:00,127304.01,125184.12,3459679483.0,125897.51
1044,2017-09-26 00:00:00,128166.76,125910.97,3598034451.0,127893.54
1045,2017-09-27 00:00:00,127983.7,124376.91,3940118264.0,124376.91
1046,2017-09-28 00:00:00,126373.63,124017.68,3818952082.0,126004.96
1047,2017-09-29 00:00:00,126711.39,125363.54,3616478944.0,126114.52
1048,2017-10-02 00:00:00,127474.95,126001.28,2927432435.0,127252.74
1049,2017-10-03 00:00:00,127885.45,126562.1,3367877572.0,127192.78
1050,2017-10-04 00:00:00,128474.85,127415.65,3720271651.0,127971.08
1051,2017-10-05 00:00:00,128657.88,127565.74,2952826047.0,127714.47
1052,2017-10-06 00:00:00,127593.12,126662.05,2903860937.0,127495.63
1053,2017-10-09 00:00:00,123979.4,121357.03,4958252399.0,123979.4
1054,2017-10-10 00:00:00,126798.8,124998.65,3824568993.0,126553.4
1055,2017-10-11 00:00:00,128362.51,125770.67,5392148524.0,127232.27
1056,2017-10-12 00:00:00,129979.38,128106.86,3983129171.0,129979.38
1057,2017-10-13 00:00:00,130864.5,129114.51,3879767938.0,130321.7
1058,2017-10-16 00:00:00,131270.69,130067.28,3883472299.0,130578.22
1059,2017-10-17 00:00:00,132121.1,130618.49,3714365784.0,131147.74
1060,2017-10-18 00:00:00,131903.37,130754.3,3659957439.0,131027.22
1061,2017-10-19 00:00:00,133052.9,131393.44,3649807507.0,133043.63
1062,2017-10-20 00:00:00,134159.61,132387.76,4780470968.0,133173.08
1063,2017-10-23 00:00:00,132705.3,131531.23,4166508535.0,131531.23
1064,2017-10-24 00:00:00,132419.78,131343.54,4803288314.0,131452.62
1065,2017-10-25 00:00:00,133008.17,131880.06,3957930230.0,132827.25
1066,2017-10-26 00:00:00,133499.12,131484.26,4139946664.0,131484.26
1067,2017-10-27 00:00:00,132439.64,130951.51,4329590870.0,132187.13
1068,2017-10-30 00:00:00,133686.39,132578.03,3592540499.0,132809.28
1069,2017-10-31 00:00:00,135048.54,132903.33,4446039679.0,135048.54
1070,2017-11-01 00:00:00,139647.96,135136.33,6263468630.0,138996.07
1071,2017-11-02 00:00:00,140989.25,138558.74,5256022720.0,139078.15
1072,2017-11-03 00:00:00,139587.37,135681.37,5252349522.0,136553.34
1073,2017-11-06 00:00:00,141789.1,137151.85,6876646497.0,140493.22
1074,2017-11-07 00:00:00,141102.26,137894.55,6229944144.0,137894.55
1075,2017-11-08 00:00:00,138750.9,135761.98,5713986670.0,137106.15
1076,2017-11-09 00:00:00,137794.62,134382.84,5975077375.0,134826.56
1077,2017-11-10 00:00:00,135371.73,132964.26,5013439978.0,133371.76
1078,2017-11-13 00:00:00,134461.16,131990.66,5536472361.0,133259.53
1079,2017-11-14 00:00:00,135879.12,132325.35,6669397556.0,135154.6
1080,2017-11-15 00:00:00,135954.5,132202.49,7596015320.0,132225.04
1081,2017-11-16 00:00:00,133787.25,131106.6,5562199883.0,131345.26
1082,2017-11-17 00:00:00,132213.89,129940.97,5404182542.0,130734.6
1083,2017-11-20 00:00:00,130889.29,127251.79,4675168433.0,127696.6
1084,2017-11-21 00:00:00,129593.82,126575.85,5677149100.0,129239.34
1085,2017-11-22 00:00:00,130470.38,127142.51,5851746258.0,130225.09
1086,2017-11-23 00:00:00,131468.79,128390.24,4340520484.0,128949.32
1087,2017-11-24 00:00:00,129373.12,127907.91,4164384094.0,128533.66
1088,2017-11-27 00:00:00,129709.74,127689.11,4279742706.0,128572.01
1089,2017-11-28 00:00:00,130434.94,125306.82,6097273780.0,125306.82
1090,2017-11-29 00:00:00,126722.36,124651.49,4591592681.0,125765.42
1091,2017-11-30 00:00:00,128293.2,126140.78,5890618748.0,127922.68
1092,2017-12-01 00:00:00,128194.47,126666.8,4251275859.0,127233.81
1093,2017-12-04 00:00:00,129444.37,127033.51,3848558799.0,129242.91
1094,2017-12-05 00:00:00,131388.05,129433.73,4964738245.0,130917.33
1095,2017-12-06 00:00:00,131430.06,129177.67,4132551434.0,129462.93
1096,2017-12-07 00:00:00,131383.63,129311.43,3827578647.0,130944.26
1097,2017-12-08 00:00:00,133288.83,131134.3,5057161904.0,132916.93
1098,2017-12-11 00:00:00,134775.94,133606.43,5122579735.0,134481.07
1099,2017-12-12 00:00:00,134899.4,133295.09,4678796390.0,134253.71
1100,2017-12-13 00:00:00,134981.47,132763.96,4052784204.0,133214.41
1101,2017-12-14 00:00:00,135769.05,133147.47,5868724476.0,135323.8
1102,2017-12-15 00:00:00,135635.23,134250.6,4931208922.0,134644.69
1103,2017-12-18 00:00:00,136418.86,135164.33,4491095642.0,135573.26
1104,2017-12-19 00:00:00,136685.72,135337.59,3961902183.0,135339.22
1105,2017-12-20 00:00:00,136132.64,134520.23,3810580403.0,135772.17
1106,2017-12-21 00:00:00,137564.43,136186.39,4325380639.0,136882.13
1107,2017-12-22 00:00:00,137999.17,136387.78,3332410018.0,136547.1
1108,2017-12-25 00:00:00,137706.7,136842.09,1851305745.0,137240.78
1109,2017-12-26 00:00:00,137917.58,137152.23,2205653412.0,137603.06
1110,2017-12-27 00:00:00,137889.91,136816.48,3846607483.0,137762.67
1111,2017-12-28 00:00:00,141087.33,138218.99,3999718662.0,140817.51
1112,2017-12-29 00:00:00,142887.56,140760.34,4324027305.0,142112.44
1113,2018-01-02 00:00:00,145206.49,142516.14,4529096047.0,144946.68
1114,2018-01-03 00:00:00,146028.34,142356.02,4843315890.0,142740.87
1115,2018-01-04 00:00:00,144218.44,141172.53,5775198429.0,141590.68
1116,2018-01-05 00:00:00,143679.03,141995.01,5168074994.0,142972.47
1117,2018-01-08 00:00:00,144420.42,142218.42,4230924169.0,142528.3
1118,2018-01-09 00:00:00,142826.44,140551.85,4106635691.0,140685.68
1119,2018-01-10 00:00:00,140441.17,137891.79,4989791087.0,138730.94
1120,2018-01-11 00:00:00,140122.85,137919.77,4559448349.0,140122.85
1121,2018-01-12 00:00:00,141364.77,139835.43,4716767873.0,139971.3
1122,2018-01-15 00:00:00,140999.19,136962.73,4242397200.0,136962.73
1123,2018-01-16 00:00:00,139986.71,135706.44,5473353054.0,139893.47
1124,2018-01-17 00:00:00,142836.6,138841.99,5154628208.0,142799.87
1125,2018-01-18 00:00:00,144316.64,142157.17,5097292394.0,142985.16
1126,2018-01-19 00:00:00,143236.65,140574.24,3905985558.0,140770.28
1127,2018-01-22 00:00:00,143493.92,141004.43,3853158055.0,143493.92
1128,2018-01-23 00:00:00,145621.46,143659.63,4965289850.0,144776.43
1129,2018-01-24 00:00:00,146332.01,144311.29,6034514673.0,146211.55
1130,2018-01-25 00:00:00,147325.48,145067.12,5710817005.0,145084.99
1131,2018-01-26 00:00:00,147880.19,145411.98,4815294185.0,147880.19
1132,2018-01-29 00:00:00,148873.03,145993.19,4569138203.0,147935.85
1133,2018-01-30 00:00:00,148002.72,145793.27,4822193554.0,145793.27
1134,2018-01-31 00:00:00,147281.14,145937.86,4942737383.0,146480.51
1135,2018-02-01 00:00:00,148256.97,145196.39,5413080984.0,145695.85
1136,2018-02-02 00:00:00,146375.98,144064.13,3886356004.0,144496.91
1137,2018-02-05 00:00:00,144531.13,142632.59,4790909019.0,142926.82
1138,2018-02-06 00:00:00,142021.64,139348.63,5517216373.0,141442.85
1139,2018-02-07 00:00:00,142624.18,141147.51,5062393635.0,141330.46
1140,2018-02-08 00:00:00,141949.13,139318.65,4099583500.0,139822.09
1141,2018-02-09 00:00:00,140005.36,137713.99,4461445338.0,139337.33
1142,2018-02-12 00:00:00,141456.22,140258.31,3610413118.0,140747.14
1143,2018-02-13 00:00:00,142024.05,140551.62,3665729142.0,140645.72
1144,2018-02-14 00:00:00,142125.76,139056.98,4497175286.0,139279.94
1145,2018-02-15 00:00:00,143094.21,140834.92,4331362236.0,143031.41
1146,2018-02-16 00:00:00,144684.47,142673.36,4177565943.0,143419.08
1147,2018-02-19 00:00:00,144754.98,142022.25,4762630038.0,142625.74
1148,2018-02-20 00:00:00,143778.26,139138.78,4480208318.0,139358.93
1149,2018-02-21 00:00:00,143080.77,140974.83,5179616475.0,143080.77
1150,2018-02-22 00:00:00,143890.36,141844.31,5169757433.0,143643.79
1151,2018-02-23 00:00:00,145045.41,143938.8,4280049377.0,144623.76
1152,2018-02-26 00:00:00,146405.26,145389.78,3817690570.0,146293.02
1153,2018-02-27 00:00:00,146971.08,145928.71,4397938371.0,146366.94
1154,2018-02-28 00:00:00,146954.27,145673.74,4789813283.0,146553.91
1155,2018-03-01 00:00:00,146614.9,144521.09,4813711284.0,144736.45
1156,2018-03-02 00:00:00,144670.92,142949.23,4180165046.0,143715.55
1157,2018-03-05 00:00:00,144486.11,143245.42,3309203347.0,143617.47
1158,2018-03-06 00:00:00,144583.87,143349.87,5696445664.0,143358.78
1159,2018-03-07 00:00:00,143476.59,142221.87,4356951174.0,143275.92
1160,2018-03-08 00:00:00,144012.09,142797.32,3535664287.0,142876.46
1161,2018-03-09 00:00:00,143745.07,142746.81,3560325721.0,143271.5
1162,2018-03-12 00:00:00,145868.06,144337.54,4755352195.0,145230.7
1163,2018-03-13 00:00:00,145642.19,144448.13,4745254654.0,145114.22
1164,2018-03-14 00:00:00,146100.36,144108.12,4709673117.0,144372.86
1165,2018-03-15 00:00:00,145068.06,143553.39,3938483079.0,143821.74
1166,2018-03-16 00:00:00,144629.47,143276.65,3980254972.0,143761.08
1167,2018-03-19 00:00:00,143642.97,141193.22,3497426238.0,141223.31
1168,2018-03-20 00:00:00,143020.46,140793.98,5475509215.0,142648.65
1169,2018-03-21 00:00:00,144428.11,142686.17,4605083953.0,144247.7
1170,2018-03-22 00:00:00,145415.09,143406.92,4358596414.0,143468.7
1171,2018-03-23 00:00:00,143139.73,141469.69,4413312588.0,142753.29
1172,2018-03-26 00:00:00,143899.64,142074.35,5236450077.0,142216.77
1173,2018-03-27 00:00:00,143994.43,141899.11,4326430520.0,141899.11
1174,2018-03-28 00:00:00,141533.66,138791.96,5094130941.0,139189.51
1175,2018-03-29 00:00:00,140368.7,138140.14,4463482441.0,140063.36
1176,2018-03-30 00:00:00,141460.78,139914.68,3225141797.0,140128.64
1177,2018-04-02 00:00:00,140709.92,139298.47,2484706083.0,139298.47
1178,2018-04-03 00:00:00,140021.97,138826.76,4690537599.0,139556.67
1179,2018-04-04 00:00:00,139974.13,138037.87,4593698219.0,138982.97
1180,2018-04-05 00:00:00,140956.6,139059.61,6645904083.0,140564.62
1181,2018-04-06 00:00:00,140691.06,139587.7,4880880490.0,139942.84
1182,2018-04-09 00:00:00,140800.31,137352.22,4555650435.0,138215.06
1183,2018-04-10 00:00:00,138667.21,134343.11,5748679754.0,135196.0
1184,2018-04-11 00:00:00,136262.0,130467.14,7079250864.0,133508.54
1185,2018-04-12 00:00:00,135073.46,132339.77,6033294874.0,134890.4
1186,2018-04-13 00:00:00,135513.87,133213.93,4442341771.0,134071.91
1187,2018-04-16 00:00:00,135893.51,134298.74,4646760964.0,135226.84
1188,2018-04-17 00:00:00,136487.14,132095.53,7701307370.0,133074.94
1189,2018-04-18 00:00:00,137296.56,131549.92,8407198337.0,137296.56
1190,2018-04-19 00:00:00,137710.31,136659.74,5714527844.0,137225.54
1191,2018-04-20 00:00:00,137072.03,135389.68,4439067137.0,135686.11
1192,2018-04-24 00:00:00,135364.19,134205.02,4638508524.0,134477.91
1193,2018-04-25 00:00:00,135126.86,130480.34,6485288791.0,131361.91
1194,2018-04-26 00:00:00,132382.48,129921.93,4487495937.0,130862.15
1195,2018-04-27 00:00:00,132406.35,130346.44,5614337237.0,131563.58
1196,2018-04-30 00:00:00,132322.42,126364.24,4844949453.0,126928.26
1197,2018-05-02 00:00:00,128547.86,125560.79,6244223371.0,127976.68
1198,2018-05-03 00:00:00,128209.62,125267.21,5894648225.0,125662.74
1199,2018-05-04 00:00:00,126242.99,123901.9,6129377095.0,125254.74
1200,2018-05-07 00:00:00,125449.35,122606.47,3941460655.0,122979.71
1201,2018-05-08 00:00:00,124035.29,120944.25,5552514789.0,121595.92
1202,2018-05-09 00:00:00,124853.02,120166.76,5774816850.0,123729.01
1203,2018-05-10 00:00:00,125886.1,121836.27,5588935136.0,125886.1
1204,2018-05-11 00:00:00,126424.21,124242.62,4518242814.0,125061.3
1205,2018-05-14 00:00:00,127502.88,124695.14,4122796252.0,127113.39
1206,2018-05-15 00:00:00,126634.76,124353.97,5839049379.0,124896.1
1207,2018-05-16 00:00:00,126674.7,123735.17,5860312910.0,125866.56
1208,2018-05-17 00:00:00,126693.04,125002.4,5306808210.0,125479.32
1209,2018-05-18 00:00:00,126815.73,125395.66,3897608711.0,126112.71
1210,2018-05-21 00:00:00,127242.2,125463.79,4411980230.0,126001.27
1211,2018-05-22 00:00:00,128075.79,126057.55,5357200672.0,127460.6
1212,2018-05-23 00:00:00,127660.23,125103.77,6131140266.0,125746.33
1213,2018-05-24 00:00:00,128191.37,124412.22,6865382660.0,124825.2
1214,2018-05-25 00:00:00,127838.76,125003.58,5896799001.0,127631.74
1215,2018-05-28 00:00:00,131700.96,129120.06,5352632511.0,131700.96
1216,2018-05-29 00:00:00,130774.09,128719.25,4840702649.0,129732.42
1217,2018-05-30 00:00:00,130604.64,127729.06,5503549261.0,127923.32
1218,2018-05-31 00:00:00,128520.94,123648.55,6543723133.0,123648.55
1219,2018-06-01 00:00:00,123862.73,120347.88,6670142555.0,121811.22
1220,2018-06-04 00:00:00,123459.94,121288.31,4999397098.0,121649.14
1221,2018-06-05 00:00:00,122484.93,119750.51,4221391021.0,119891.28
1222,2018-06-06 00:00:00,120554.42,116497.4,5690971773.84,118639.2
1223,2018-06-07 00:00:00,121567.84,117839.39,7482218354.78,121429.34
1224,2018-06-08 00:00:00,120837.01,117335.45,6238459266.0,117651.46
1225,2018-06-11 00:00:00,119502.66,114614.33,7197703032.37,118806.48
1226,2018-06-12 00:00:00,118854.65,116642.43,4916065811.03,117136.99
1227,2018-06-13 00:00:00,117558.07,114875.26,4754995329.24,115120.51
1228,2018-06-14 00:00:00,117452.83,114086.6,2689316148.65,116354.08
1229,2018-06-18 00:00:00,115905.01,113819.95,3994393550.4,114197.46
1230,2018-06-19 00:00:00,116429.82,113217.65,5423547966.56,116040.02
1231,2018-06-20 00:00:00,117026.98,114982.36,4815306756.47,116090.07
1232,2018-06-21 00:00:00,117059.2,115754.49,4274051746.0,116559.72
1233,2018-06-22 00:00:00,117998.61,115746.83,4100386086.0,117515.81
1234,2018-06-25 00:00:00,121882.96,114297.63,7625627889.0,115134.17
1235,2018-06-26 00:00:00,116698.77,114968.45,5106048481.64,115806.9
1236,2018-06-27 00:00:00,118079.08,115541.9,6253245235.03,117742.4
1237,2018-06-28 00:00:00,119012.52,117036.65,5795247417.28,118083.16
1238,2018-06-29 00:00:00,119545.7,117825.03,5091536993.36,118103.89
