,Exchange,Date,High,Low,Close
0,BRL,2013-07-28 00:00:00,0.86,0.8474,0.85305
1,BRL,2013-07-29 00:00:00,0.861,0.8431,0.84745
2,BRL,2013-07-30 00:00:00,0.8556,0.8393,0.8433
3,BRL,2013-07-31 00:00:00,0.8569,0.8369,0.85245
4,BRL,2013-08-01 00:00:00,0.8569,0.8384,0.84355
5,BRL,2013-08-02 00:00:00,0.8519,0.8328,0.8442
6,BRL,2013-08-03 00:00:00,0.8495,0.8384,0.8426
7,BRL,2013-08-04 00:00:00,0.8486,0.8375,0.84305
8,BRL,2013-08-05 00:00:00,0.8546,0.8335,0.8384
9,BRL,2013-08-06 00:00:00,0.8457,0.8315,0.8381
10,BRL,2013-08-07 00:00:00,0.8448,0.8294,0.834
11,BRL,2013-08-08 00:00:00,0.8497,0.8277,0.8393
12,BRL,2013-08-09 00:00:00,0.853,0.823,0.8449
13,BRL,2013-08-10 00:00:00,0.8529,0.8401,0.8439
14,BRL,2013-08-11 00:00:00,0.8529,0.838,0.8418
15,BRL,2013-08-12 00:00:00,0.8542,0.835,0.83875
16,BRL,2013-08-13 00:00:00,0.8534,0.8307,0.8348
17,BRL,2013-08-14 00:00:00,0.8431,0.8264,0.83025
18,BRL,2013-08-15 00:00:00,0.8426,0.8205,0.8305
19,BRL,2013-08-16 00:00:00,0.833,0.8035,0.8112
20,BRL,2013-08-17 00:00:00,0.8148,0.8053,0.81085
21,BRL,2013-08-18 00:00:00,0.8148,0.8072,0.81085
22,BRL,2013-08-19 00:00:00,0.8216,0.7995,0.80865
23,BRL,2013-08-20 00:00:00,0.8195,0.7998,0.81375
24,BRL,2013-08-21 00:00:00,0.823,0.7977,0.80115
25,BRL,2013-08-22 00:00:00,0.825,0.8001,0.81585
26,BRL,2013-08-23 00:00:00,0.8496,0.8091,0.8458
27,BRL,2013-08-24 00:00:00,0.8502,0.841,0.84475
28,BRL,2013-08-25 00:00:00,0.8494,0.841,0.8456
29,BRL,2013-08-26 00:00:00,0.854,0.8275,0.8367
30,BRL,2013-08-27 00:00:00,0.8631,0.8308,0.85935
31,BRL,2013-08-28 00:00:00,0.8899,0.8537,0.87785
32,BRL,2013-08-29 00:00:00,0.8867,0.8474,0.8571
33,BRL,2013-08-30 00:00:00,0.8665,0.8402,0.84755
34,BRL,2013-08-31 00:00:00,0.8574,0.8432,0.84905
35,BRL,2013-09-01 00:00:00,0.8583,0.8453,0.85285
36,BRL,2013-09-02 00:00:00,0.8584,0.8393,0.84945
37,BRL,2013-09-03 00:00:00,0.8758,0.8463,0.8717
38,BRL,2013-09-04 00:00:00,0.8804,0.8576,0.87195
39,BRL,2013-09-05 00:00:00,0.8969,0.8615,0.894
40,BRL,2013-09-06 00:00:00,0.9019,0.8798,0.893
41,BRL,2013-09-07 00:00:00,0.8967,0.8836,0.8919
42,BRL,2013-09-08 00:00:00,0.8967,0.8838,0.8965
43,BRL,2013-09-09 00:00:00,0.8989,0.8792,0.894
44,BRL,2013-09-10 00:00:00,0.9004,0.8707,0.8833
45,BRL,2013-09-11 00:00:00,0.8943,0.8697,0.8857
46,BRL,2013-09-12 00:00:00,0.8965,0.877,0.88615
47,BRL,2013-09-13 00:00:00,0.9002,0.8816,0.8887
48,BRL,2013-09-14 00:00:00,0.8928,0.8833,0.88735
49,BRL,2013-09-15 00:00:00,0.8924,0.8828,0.8869
50,BRL,2013-09-16 00:00:00,0.8921,0.8648,0.8731
51,BRL,2013-09-17 00:00:00,0.8939,0.8667,0.88815
52,BRL,2013-09-18 00:00:00,0.918,0.8787,0.913
53,BRL,2013-09-19 00:00:00,0.9203,0.8765,0.88975
54,BRL,2013-09-20 00:00:00,0.905,0.8836,0.89395
55,BRL,2013-09-21 00:00:00,0.8998,0.8898,0.89405
56,BRL,2013-09-22 00:00:00,0.9005,0.8898,0.89625
57,BRL,2013-09-23 00:00:00,0.9082,0.88,0.9013
58,BRL,2013-09-24 00:00:00,0.9187,0.8962,0.9082
59,BRL,2013-09-25 00:00:00,0.9202,0.8916,0.89695
60,BRL,2013-09-26 00:00:00,0.9129,0.8907,0.8967
61,BRL,2013-09-27 00:00:00,0.9151,0.8907,0.9005
62,BRL,2013-09-28 00:00:00,0.9029,0.8932,0.8974
63,BRL,2013-09-29 00:00:00,0.9056,0.8932,0.8974
64,BRL,2013-09-30 00:00:00,0.9177,0.8914,0.9104
65,BRL,2013-10-01 00:00:00,0.9189,0.8958,0.90295
66,BRL,2013-10-02 00:00:00,0.9188,0.8964,0.91195
67,BRL,2013-10-03 00:00:00,0.9183,0.8979,0.9086
68,BRL,2013-10-04 00:00:00,0.9153,0.8947,0.89965
69,BRL,2013-10-05 00:00:00,0.9055,0.8947,0.89985
70,BRL,2013-10-06 00:00:00,0.9126,0.8955,0.8998
71,BRL,2013-10-07 00:00:00,0.9128,0.8934,0.902
72,BRL,2013-10-08 00:00:00,0.91,0.891,0.89665
73,BRL,2013-10-09 00:00:00,0.9103,0.8905,0.89865
74,BRL,2013-10-10 00:00:00,0.9149,0.8886,0.9054
75,BRL,2013-10-11 00:00:00,0.9177,0.8983,0.9102
76,BRL,2013-10-12 00:00:00,0.9148,0.9031,0.91
77,BRL,2013-10-13 00:00:00,0.9156,0.9031,0.90935
78,BRL,2013-10-14 00:00:00,0.9205,0.8977,0.90935
79,BRL,2013-10-15 00:00:00,0.9193,0.8996,0.9132
80,BRL,2013-10-16 00:00:00,0.9222,0.9005,0.90635
81,BRL,2013-10-17 00:00:00,0.924,0.8959,0.9112
82,BRL,2013-10-18 00:00:00,0.9252,0.8988,0.90455
83,BRL,2013-10-19 00:00:00,0.9152,0.8989,0.90325
84,BRL,2013-10-20 00:00:00,0.9189,0.8987,0.90495
85,BRL,2013-10-21 00:00:00,0.9208,0.8969,0.9082
86,BRL,2013-10-22 00:00:00,0.9194,0.8965,0.90725
87,BRL,2013-10-23 00:00:00,0.9161,0.8955,0.9023
88,BRL,2013-10-24 00:00:00,0.9098,0.8906,0.8974
89,BRL,2013-10-25 00:00:00,0.9133,0.8907,0.90405
90,BRL,2013-10-26 00:00:00,0.9094,0.8997,0.90475
91,BRL,2013-10-27 00:00:00,0.9117,0.8988,0.9055
92,BRL,2013-10-28 01:00:00,0.9145,0.8968,0.90755
93,BRL,2013-10-29 01:00:00,0.9209,0.9028,0.9143
94,BRL,2013-10-30 01:00:00,0.9203,0.8986,0.9085
95,BRL,2013-10-31 01:00:00,0.9194,0.8834,0.89545
96,BRL,2013-11-01 01:00:00,0.9039,0.8845,0.89295
97,BRL,2013-11-02 01:00:00,0.8972,0.888,0.89205
98,BRL,2013-11-03 01:00:00,0.899,0.886,0.89305
99,BRL,2013-11-04 01:00:00,0.9059,0.8852,0.8974
100,BRL,2013-11-05 01:00:00,0.909,0.8807,0.89015
101,BRL,2013-11-06 01:00:00,0.8969,0.8788,0.8889
102,BRL,2013-11-07 01:00:00,0.8987,0.8736,0.88355
103,BRL,2013-11-08 01:00:00,0.8891,0.8674,0.8828
104,BRL,2013-11-09 01:00:00,0.8867,0.875,0.8832
105,BRL,2013-11-10 01:00:00,0.8832,0.8753,0.883
106,BRL,2013-11-11 01:00:00,0.8882,0.8659,0.8734
107,BRL,2013-11-12 01:00:00,0.8861,0.8687,0.87795
108,BRL,2013-11-13 01:00:00,0.8886,0.8721,0.87885
109,BRL,2013-11-14 01:00:00,0.8861,0.868,0.875
110,BRL,2013-11-15 01:00:00,0.8878,0.8709,0.87585
111,BRL,2013-11-16 01:00:00,0.8797,0.8703,0.87415
112,BRL,2013-11-17 01:00:00,0.8821,0.869,0.87645
113,BRL,2013-11-18 01:00:00,0.895,0.8665,0.89075
114,BRL,2013-11-19 01:00:00,0.8987,0.8752,0.88455
115,BRL,2013-11-20 01:00:00,0.8942,0.8731,0.8836
116,BRL,2013-11-21 01:00:00,0.8971,0.8679,0.8767
117,BRL,2013-11-22 01:00:00,0.8864,0.8667,0.87695
118,BRL,2013-11-23 01:00:00,0.8854,0.8749,0.88035
119,BRL,2013-11-24 01:00:00,0.8847,0.872,0.8778
120,BRL,2013-11-25 01:00:00,0.8863,0.8655,0.87665
121,BRL,2013-11-26 01:00:00,0.8842,0.8673,0.8768
122,BRL,2013-11-27 01:00:00,0.8833,0.8625,0.87235
123,BRL,2013-11-28 01:00:00,0.8821,0.856,0.86395
124,BRL,2013-11-29 01:00:00,0.8773,0.8574,0.8647
125,BRL,2013-11-30 01:00:00,0.8688,0.8601,0.86425
126,BRL,2013-12-01 01:00:00,0.8683,0.8592,0.86325
127,BRL,2013-12-02 01:00:00,0.8746,0.8574,0.86485
128,BRL,2013-12-03 01:00:00,0.8712,0.8531,0.858
129,BRL,2013-12-04 01:00:00,0.8684,0.8521,0.8601
130,BRL,2013-12-05 01:00:00,0.87,0.8494,0.86255
131,BRL,2013-12-06 01:00:00,0.8742,0.8555,0.86795
132,BRL,2013-12-07 01:00:00,0.8726,0.8646,0.8688
133,BRL,2013-12-08 01:00:00,0.8726,0.8591,0.8646
134,BRL,2013-12-09 01:00:00,0.8816,0.8574,0.87435
135,BRL,2013-12-10 01:00:00,0.8836,0.8654,0.877
136,BRL,2013-12-11 01:00:00,0.8854,0.8655,0.87365
137,BRL,2013-12-12 01:00:00,0.8808,0.8636,0.8751
138,BRL,2013-12-13 01:00:00,0.882,0.8664,0.87215
139,BRL,2013-12-14 01:00:00,0.8766,0.8683,0.87215
140,BRL,2013-12-15 01:00:00,0.879,0.8669,0.87335
141,BRL,2013-12-16 01:00:00,0.8824,0.865,0.87035
142,BRL,2013-12-17 01:00:00,0.8846,0.8657,0.87915
143,BRL,2013-12-18 01:00:00,0.8855,0.8623,0.87085
144,BRL,2013-12-19 01:00:00,0.8903,0.8666,0.88275
145,BRL,2013-12-20 01:00:00,0.894,0.8704,0.87455
146,BRL,2013-12-21 01:00:00,0.8787,0.8707,0.87495
147,BRL,2013-12-22 01:00:00,0.8799,0.8707,0.87445
148,BRL,2013-12-23 01:00:00,0.8909,0.8669,0.88695
149,BRL,2013-12-24 01:00:00,0.8942,0.8737,0.8807
150,BRL,2013-12-25 01:00:00,0.8891,0.8706,0.88265
151,BRL,2013-12-26 01:00:00,0.915,0.8769,0.9016
152,BRL,2013-12-27 01:00:00,0.9258,0.8928,0.9203
153,BRL,2013-12-28 01:00:00,0.9247,0.915,0.9192
154,BRL,2013-12-29 01:00:00,0.926,0.9127,0.9186
155,BRL,2013-12-30 01:00:00,0.928,0.8942,0.899
156,BRL,2013-12-31 01:00:00,0.9159,0.8887,0.90895
157,BRL,2014-01-01 01:00:00,0.9149,0.9013,0.90775
158,BRL,2014-01-02 01:00:00,0.9272,0.8986,0.90685
159,BRL,2014-01-03 01:00:00,0.9218,0.899,0.9141
160,BRL,2014-01-04 01:00:00,0.9182,0.9091,0.91305
161,BRL,2014-01-05 01:00:00,0.9182,0.9085,0.91245
162,BRL,2014-01-06 01:00:00,0.9265,0.9062,0.91595
163,BRL,2014-01-07 01:00:00,0.9251,0.9037,0.91125
164,BRL,2014-01-08 01:00:00,0.924,0.9034,0.9108
165,BRL,2014-01-09 01:00:00,0.9222,0.903,0.9108
166,BRL,2014-01-10 01:00:00,0.9218,0.9028,0.91385
167,BRL,2014-01-11 01:00:00,0.9178,0.909,0.91305
168,BRL,2014-01-12 01:00:00,0.917,0.9084,0.91235
169,BRL,2014-01-13 01:00:00,0.9342,0.9018,0.9263
170,BRL,2014-01-14 01:00:00,0.9347,0.9152,0.92595
171,BRL,2014-01-15 01:00:00,0.9412,0.9198,0.9269
172,BRL,2014-01-16 01:00:00,0.9453,0.9201,0.93395
173,BRL,2014-01-17 01:00:00,0.9508,0.9249,0.94645
174,BRL,2014-01-18 01:00:00,0.9566,0.9422,0.95135
175,BRL,2014-01-19 01:00:00,0.9566,0.9471,0.95135
176,BRL,2014-01-20 01:00:00,0.9654,0.9453,0.9584
177,BRL,2014-01-21 01:00:00,0.9651,0.9417,0.95515
178,BRL,2014-01-22 01:00:00,0.9658,0.9413,0.95225
179,BRL,2014-01-23 01:00:00,0.9728,0.946,0.9552
180,BRL,2014-01-24 01:00:00,0.9749,0.9473,0.9661
181,BRL,2014-01-25 01:00:00,0.9751,0.9619,0.9669
182,BRL,2014-01-26 01:00:00,0.9758,0.9627,0.9669
183,BRL,2014-01-27 01:00:00,0.9992,0.9442,0.9525
184,BRL,2014-01-28 01:00:00,0.9584,0.9242,0.93315
185,BRL,2014-01-29 01:00:00,0.9488,0.8868,0.92395
186,BRL,2014-01-30 01:00:00,0.9485,0.92,0.9311
187,BRL,2014-01-31 01:00:00,0.9537,0.9242,0.9394
188,BRL,2014-02-01 01:00:00,0.9435,0.9293,0.9359
189,BRL,2014-02-02 01:00:00,0.9424,0.9287,0.93455
190,BRL,2014-02-03 01:00:00,0.9502,0.9232,0.9306
191,BRL,2014-02-04 01:00:00,0.9427,0.9162,0.9347
192,BRL,2014-02-05 01:00:00,0.9427,0.9162,0.93305
193,BRL,2014-02-06 01:00:00,0.9427,0.9145,0.9245
194,BRL,2014-02-07 01:00:00,0.9364,0.9147,0.929
195,BRL,2014-02-08 01:00:00,0.9358,0.9249,0.9311
196,BRL,2014-02-09 01:00:00,0.9373,0.927,0.9311
197,BRL,2014-02-10 01:00:00,0.9425,0.9158,0.92155
198,BRL,2014-02-11 01:00:00,0.9307,0.9033,0.9133
199,BRL,2014-02-12 01:00:00,0.9214,0.8935,0.90615
200,BRL,2014-02-13 01:00:00,0.9212,0.8948,0.9134
201,BRL,2014-02-14 01:00:00,0.9211,0.9009,0.91305
202,BRL,2014-02-15 01:00:00,0.9186,0.9086,0.91305
203,BRL,2014-02-16 01:00:00,0.9186,0.909,0.913
204,BRL,2014-02-17 01:00:00,0.9212,0.9045,0.9108
205,BRL,2014-02-18 01:00:00,0.9197,0.9003,0.9098
206,BRL,2014-02-19 01:00:00,0.9238,0.9021,0.91515
207,BRL,2014-02-20 01:00:00,0.9606,0.9106,0.92565
208,BRL,2014-02-21 01:00:00,0.9348,0.9175,0.92405
209,BRL,2014-02-22 01:00:00,0.9282,0.918,0.9226
210,BRL,2014-02-23 01:00:00,0.9293,0.9185,0.9226
211,BRL,2014-02-24 01:00:00,0.9385,0.9175,0.92915
212,BRL,2014-02-25 01:00:00,0.9543,0.925,0.94335
213,BRL,2014-02-26 01:00:00,0.9543,0.9318,0.94495
214,BRL,2014-02-27 01:00:00,0.9626,0.9402,0.95695
215,BRL,2014-02-28 01:00:00,0.9618,0.9335,0.94165
216,BRL,2014-03-01 01:00:00,0.9477,0.9366,0.9412
217,BRL,2014-03-02 01:00:00,0.9477,0.937,0.9435
218,BRL,2014-03-03 01:00:00,0.9587,0.937,0.94505
219,BRL,2014-03-04 01:00:00,0.955,0.9332,0.94475
220,BRL,2014-03-05 01:00:00,0.9552,0.9339,0.949
221,BRL,2014-03-06 01:00:00,0.9567,0.9344,0.94085
222,BRL,2014-03-07 01:00:00,0.9487,0.9322,0.9378
223,BRL,2014-03-08 01:00:00,0.9431,0.9331,0.938
224,BRL,2014-03-09 01:00:00,0.9431,0.9339,0.939
225,BRL,2014-03-10 01:00:00,0.9545,0.9339,0.9428
226,BRL,2014-03-11 01:00:00,0.9555,0.9344,0.94245
227,BRL,2014-03-12 01:00:00,0.9645,0.9381,0.9456
228,BRL,2014-03-13 01:00:00,0.9524,0.9356,0.94095
229,BRL,2014-03-14 01:00:00,0.9524,0.9345,0.9432
230,BRL,2014-03-15 01:00:00,0.9474,0.9344,0.939
231,BRL,2014-03-16 01:00:00,0.9446,0.9348,0.94045
232,BRL,2014-03-17 01:00:00,0.9543,0.9348,0.94425
233,BRL,2014-03-18 01:00:00,0.9564,0.9362,0.94745
234,BRL,2014-03-19 01:00:00,0.96,0.9402,0.94725
235,BRL,2014-03-20 01:00:00,0.9653,0.9425,0.959
236,BRL,2014-03-21 01:00:00,0.9691,0.9522,0.9593
237,BRL,2014-03-22 01:00:00,0.9679,0.955,0.9606
238,BRL,2014-03-23 01:00:00,0.9679,0.9563,0.96355
239,BRL,2014-03-24 01:00:00,0.9699,0.9542,0.96255
240,BRL,2014-03-25 01:00:00,0.9729,0.9489,0.96345
241,BRL,2014-03-26 01:00:00,0.9704,0.9446,0.9499
242,BRL,2014-03-27 01:00:00,0.9714,0.942,0.9655
243,BRL,2014-03-28 01:00:00,0.9781,0.9592,0.9667
244,BRL,2014-03-29 01:00:00,0.9737,0.9622,0.9674
245,BRL,2014-03-30 01:00:00,0.9737,0.9629,0.9692
246,BRL,2014-03-31 01:00:00,0.9719,0.9401,0.94495
247,BRL,2014-04-01 00:00:00,0.9543,0.9356,0.94475
248,BRL,2014-04-02 00:00:00,0.9523,0.9296,0.93855
249,BRL,2014-04-03 00:00:00,0.9509,0.9285,0.9341
250,BRL,2014-04-04 00:00:00,0.9483,0.9257,0.94105
251,BRL,2014-04-05 00:00:00,0.9468,0.9362,0.94215
252,BRL,2014-04-06 00:00:00,0.9466,0.9373,0.9417
253,BRL,2014-04-07 00:00:00,0.9605,0.9375,0.9526
254,BRL,2014-04-08 00:00:00,0.9601,0.933,0.9489
255,BRL,2014-04-09 00:00:00,0.9698,0.9433,0.9623
256,BRL,2014-04-10 00:00:00,0.9705,0.9452,0.951
257,BRL,2014-04-11 00:00:00,0.975,0.9433,0.94975
258,BRL,2014-04-12 00:00:00,0.9572,0.9461,0.9528
259,BRL,2014-04-13 00:00:00,0.9572,0.9477,0.9521
260,BRL,2014-04-14 00:00:00,0.967,0.9484,0.95685
261,BRL,2014-04-15 00:00:00,0.9666,0.9501,0.95685
262,BRL,2014-04-16 00:00:00,0.9634,0.9457,0.95155
263,BRL,2014-04-17 00:00:00,0.9584,0.9365,0.94675
264,BRL,2014-04-18 00:00:00,0.9574,0.9424,0.94965
265,BRL,2014-04-19 00:00:00,0.9555,0.9459,0.95115
266,BRL,2014-04-20 00:00:00,0.9555,0.9466,0.95095
267,BRL,2014-04-21 00:00:00,0.9587,0.9454,0.9535
268,BRL,2014-04-22 00:00:00,0.9611,0.946,0.9557
269,BRL,2014-04-23 00:00:00,0.9717,0.9502,0.96585
270,BRL,2014-04-24 00:00:00,0.9712,0.9507,0.96355
271,BRL,2014-04-25 00:00:00,0.9716,0.9442,0.9505
272,BRL,2014-04-26 00:00:00,0.9556,0.945,0.9503
273,BRL,2014-04-27 00:00:00,0.9556,0.9456,0.9509
274,BRL,2014-04-28 00:00:00,0.9608,0.9417,0.9554
275,BRL,2014-04-29 00:00:00,0.9631,0.9436,0.94835
276,BRL,2014-04-30 00:00:00,0.9604,0.9353,0.94775
277,BRL,2014-05-01 00:00:00,0.9529,0.9366,0.94295
278,BRL,2014-05-02 00:00:00,0.9524,0.9316,0.94535
279,BRL,2014-05-03 00:00:00,0.9528,0.9407,0.9471
280,BRL,2014-05-04 00:00:00,0.9528,0.9424,0.9481
281,BRL,2014-05-05 00:00:00,0.9547,0.9289,0.93335
282,BRL,2014-05-06 00:00:00,0.9442,0.9253,0.939
283,BRL,2014-05-07 00:00:00,0.9465,0.9287,0.93825
284,BRL,2014-05-08 00:00:00,0.9443,0.9285,0.93525
285,BRL,2014-05-09 00:00:00,0.9458,0.9301,0.93795
286,BRL,2014-05-10 00:00:00,0.9426,0.9305,0.93705
287,BRL,2014-05-11 00:00:00,0.9417,0.9305,0.93705
288,BRL,2014-05-12 00:00:00,0.9478,0.9307,0.9382
289,BRL,2014-05-13 00:00:00,0.9435,0.9267,0.93115
290,BRL,2014-05-14 00:00:00,0.9448,0.9265,0.93885
291,BRL,2014-05-15 00:00:00,0.9491,0.9326,0.94225
292,BRL,2014-05-16 00:00:00,0.954,0.9383,0.94445
293,BRL,2014-05-17 00:00:00,0.9506,0.9403,0.94615
294,BRL,2014-05-18 00:00:00,0.9506,0.9417,0.9461
295,BRL,2014-05-19 00:00:00,0.9553,0.9366,0.94905
296,BRL,2014-05-20 00:00:00,0.9604,0.9431,0.95285
297,BRL,2014-05-21 00:00:00,0.961,0.9445,0.95135
298,BRL,2014-05-22 00:00:00,0.9557,0.933,0.93985
299,BRL,2014-05-23 00:00:00,0.9484,0.9313,0.93605
300,BRL,2014-05-24 00:00:00,0.9407,0.9298,0.9359
301,BRL,2014-05-25 00:00:00,0.9405,0.9298,0.9344
302,BRL,2014-05-26 00:00:00,0.9454,0.9295,0.9375
303,BRL,2014-05-27 00:00:00,0.9512,0.9303,0.93755
304,BRL,2014-05-28 00:00:00,0.9482,0.9308,0.9397
305,BRL,2014-05-29 00:00:00,0.9459,0.9292,0.9412
306,BRL,2014-05-30 00:00:00,0.9481,0.9283,0.935
307,BRL,2014-05-31 00:00:00,0.9397,0.9295,0.9395
308,BRL,2014-06-01 00:00:00,0.9395,0.9308,0.93515
309,BRL,2014-06-02 00:00:00,0.9423,0.9208,0.9251
310,BRL,2014-06-03 00:00:00,0.9397,0.9156,0.9291
311,BRL,2014-06-04 00:00:00,0.937,0.9222,0.9291
312,BRL,2014-06-05 00:00:00,0.9345,0.9176,0.92895
313,BRL,2014-06-06 00:00:00,0.9337,0.917,0.92365
314,BRL,2014-06-07 00:00:00,0.9285,0.9187,0.92415
315,BRL,2014-06-08 00:00:00,0.9285,0.9187,0.92305
316,BRL,2014-06-09 00:00:00,0.9419,0.9172,0.9348
317,BRL,2014-06-10 00:00:00,0.9433,0.9279,0.93505
318,BRL,2014-06-11 00:00:00,0.9499,0.9282,0.94215
319,BRL,2014-06-12 00:00:00,0.9555,0.9349,0.94355
320,BRL,2014-06-13 00:00:00,0.9577,0.9391,0.9509
321,BRL,2014-06-14 00:00:00,0.9571,0.9441,0.9517
322,BRL,2014-06-15 00:00:00,0.9571,0.9441,0.9495
323,BRL,2014-06-16 00:00:00,0.9687,0.9463,0.9579
324,BRL,2014-06-17 00:00:00,0.9653,0.9427,0.9501
325,BRL,2014-06-18 00:00:00,0.9649,0.9382,0.96025
326,BRL,2014-06-19 00:00:00,0.9675,0.9457,0.9517
327,BRL,2014-06-20 00:00:00,0.97,0.9513,0.96025
328,BRL,2014-06-21 00:00:00,0.9647,0.9533,0.9579
329,BRL,2014-06-22 00:00:00,0.9623,0.9533,0.95765
330,BRL,2014-06-23 00:00:00,0.9679,0.9506,0.96125
331,BRL,2014-06-24 00:00:00,0.9683,0.951,0.95785
332,BRL,2014-06-25 00:00:00,0.9742,0.9533,0.9657
333,BRL,2014-06-26 00:00:00,0.9749,0.9547,0.96345
334,BRL,2014-06-27 00:00:00,0.9734,0.9564,0.9625
335,BRL,2014-06-28 00:00:00,0.9713,0.9601,0.965
336,BRL,2014-06-29 00:00:00,0.9706,0.9603,0.96585
337,BRL,2014-06-30 00:00:00,0.9736,0.9512,0.95965
338,BRL,2014-07-01 00:00:00,0.9714,0.9484,0.96375
339,BRL,2014-07-02 00:00:00,0.9732,0.9505,0.95605
340,BRL,2014-07-03 00:00:00,0.968,0.9473,0.9626
341,BRL,2014-07-04 00:00:00,0.9689,0.9502,0.95985
342,BRL,2014-07-05 00:00:00,0.9656,0.9551,0.96015
343,BRL,2014-07-06 00:00:00,0.9656,0.9556,0.9647
344,BRL,2014-07-07 00:00:00,0.9699,0.9525,0.9636
345,BRL,2014-07-08 00:00:00,0.9652,0.9488,0.9644
346,BRL,2014-07-09 00:00:00,0.9654,0.9512,0.9635
347,BRL,2014-07-10 00:00:00,0.965,0.9493,0.9618
348,BRL,2014-07-11 00:00:00,0.9638,0.9468,0.9578
349,BRL,2014-07-12 00:00:00,0.9699,0.9468,0.9572
350,BRL,2014-07-13 00:00:00,0.9699,0.9468,0.9562
351,BRL,2014-07-14 00:00:00,0.9617,0.9453,0.9573
352,BRL,2014-07-15 00:00:00,0.9648,0.9474,0.9594
353,BRL,2014-07-16 00:00:00,0.964,0.9475,0.9596
354,BRL,2014-07-17 00:00:00,0.9638,0.932,0.9464
355,BRL,2014-07-18 00:00:00,0.958,0.9336,0.9562
356,BRL,2014-07-19 00:00:00,0.9583,0.9485,0.9583
357,BRL,2014-07-20 00:00:00,0.9699,0.932,0.9574
358,BRL,2014-07-21 00:00:00,0.9613,0.9409,0.9588
359,BRL,2014-07-22 00:00:00,0.9617,0.9443,0.9582
360,BRL,2014-07-23 00:00:00,0.9574,0.9391,0.9483
361,BRL,2014-07-24 00:00:00,0.9505,0.9312,0.9449
362,BRL,2014-07-25 00:00:00,0.9492,0.936,0.9484
363,BRL,2014-07-26 00:00:00,0.9699,0.9312,0.9435
364,BRL,2014-07-27 00:00:00,0.9699,0.9312,0.9429
365,BRL,2014-07-28 00:00:00,0.9699,0.9312,0.9478
366,BRL,2014-07-29 00:00:00,0.9558,0.9353,0.9513
367,BRL,2014-07-30 00:00:00,0.962,0.9343,0.9557
368,BRL,2014-07-31 00:00:00,0.9602,0.9272,0.9507
369,BRL,2014-08-01 00:00:00,0.9549,0.9321,0.9437
370,BRL,2014-08-02 00:00:00,0.9699,0.9272,0.9453
371,BRL,2014-08-03 00:00:00,0.9699,0.9272,0.9453
372,BRL,2014-08-04 00:00:00,0.9515,0.9349,0.9473
373,BRL,2014-08-05 00:00:00,0.9483,0.9329,0.942
374,BRL,2014-08-06 00:00:00,0.9565,0.9349,0.9549
375,BRL,2014-08-07 00:00:00,0.9573,0.9366,0.9474
376,BRL,2014-08-08 00:00:00,0.9572,0.9306,0.9473
377,BRL,2014-08-09 00:00:00,0.9572,0.93,0.939
378,BRL,2014-08-10 00:00:00,0.942,0.9302,0.942
379,BRL,2014-08-11 00:00:00,0.9495,0.9243,0.9478
380,BRL,2014-08-12 00:00:00,0.9561,0.9386,0.9516
381,BRL,2014-08-13 00:00:00,0.956,0.9378,0.9522
382,BRL,2014-08-14 00:00:00,0.9533,0.9366,0.9504
383,BRL,2014-08-15 00:00:00,0.9544,0.9436,0.9537
384,BRL,2014-08-16 00:00:00,0.9636,0.9401,0.9608
385,BRL,2014-08-17 00:00:00,0.9618,0.9519,0.9608
386,BRL,2014-08-18 00:00:00,0.966,0.9507,0.9611
387,BRL,2014-08-19 00:00:00,0.9653,0.949,0.9608
388,BRL,2014-08-20 00:00:00,0.9707,0.9519,0.9637
389,BRL,2014-08-21 00:00:00,0.9722,0.9507,0.9631
390,BRL,2014-08-22 00:00:00,0.9706,0.9479,0.959
391,BRL,2014-08-23 00:00:00,0.9706,0.9479,0.9581
392,BRL,2014-08-24 00:00:00,0.9581,0.948,0.9581
393,BRL,2014-08-25 00:00:00,0.9619,0.9451,0.9579
394,BRL,2014-08-26 00:00:00,0.9611,0.9407,0.9573
395,BRL,2014-08-27 00:00:00,0.9647,0.9443,0.9628
396,BRL,2014-08-28 00:00:00,0.9701,0.9465,0.9693
397,BRL,2014-08-29 00:00:00,0.973,0.9535,0.9695
398,BRL,2014-08-30 00:00:00,0.973,0.9535,0.9704
399,BRL,2014-08-31 00:00:00,0.9711,0.9615,0.9711
400,BRL,2014-09-01 00:00:00,0.9729,0.943,0.9632
401,BRL,2014-09-02 00:00:00,0.9745,0.9543,0.9718
402,BRL,2014-09-03 00:00:00,0.9737,0.9558,0.97
403,BRL,2014-09-04 00:00:00,0.9721,0.9507,0.9673
404,BRL,2014-09-05 00:00:00,0.9718,0.9541,0.9665
405,BRL,2014-09-06 00:00:00,0.9718,0.9541,0.9665
406,BRL,2014-09-07 00:00:00,0.9665,0.9574,0.9665
407,BRL,2014-09-08 00:00:00,0.9718,0.9485,0.9595
408,BRL,2014-09-09 00:00:00,0.9725,0.953,0.9634
409,BRL,2014-09-10 00:00:00,0.973,0.9496,0.9605
410,BRL,2014-09-11 00:00:00,0.9664,0.9481,0.9628
411,BRL,2014-09-12 00:00:00,0.9678,0.9376,0.9486
412,BRL,2014-09-13 00:00:00,0.9678,0.9376,0.9525
413,BRL,2014-09-14 00:00:00,0.9539,0.9442,0.9539
414,BRL,2014-09-15 00:00:00,0.9566,0.9337,0.9487
415,BRL,2014-09-16 00:00:00,0.9583,0.9336,0.953
416,BRL,2014-09-17 00:00:00,0.953,0.9291,0.9401
417,BRL,2014-09-18 00:00:00,0.9504,0.9309,0.9425
418,BRL,2014-09-19 00:00:00,0.9525,0.9314,0.9476
419,BRL,2014-09-20 00:00:00,0.9525,0.9314,0.9457
420,BRL,2014-09-21 00:00:00,0.9473,0.9372,0.9473
421,BRL,2014-09-22 00:00:00,0.954,0.93,0.9393
422,BRL,2014-09-23 00:00:00,0.9411,0.9223,0.9308
423,BRL,2014-09-24 00:00:00,0.9428,0.9176,0.9418
424,BRL,2014-09-25 00:00:00,0.9492,0.9239,0.9352
425,BRL,2014-09-26 00:00:00,0.9419,0.9206,0.9376
426,BRL,2014-09-27 00:00:00,0.9419,0.9206,0.9367
427,BRL,2014-09-28 00:00:00,0.9381,0.9288,0.9381
428,BRL,2014-09-29 00:00:00,0.9494,0.9181,0.9323
429,BRL,2014-09-30 00:00:00,0.9374,0.9202,0.934
430,BRL,2014-10-01 00:00:00,0.9409,0.9115,0.9203
431,BRL,2014-10-02 00:00:00,0.9239,0.904,0.9119
432,BRL,2014-10-03 00:00:00,0.9369,0.9022,0.9366
433,BRL,2014-10-05 00:00:00,0.9366,0.9276,0.936
434,BRL,2014-10-06 00:00:00,0.9591,0.9206,0.9359
435,BRL,2014-10-07 00:00:00,0.9606,0.9259,0.9521
436,BRL,2014-10-08 00:00:00,0.9675,0.9369,0.966
437,BRL,2014-10-09 00:00:00,0.9664,0.9359,0.949
438,BRL,2014-10-10 00:00:00,0.9572,0.9343,0.943
439,BRL,2014-10-11 00:00:00,0.9572,0.9343,0.9441
440,BRL,2014-10-12 00:00:00,0.9444,0.9362,0.9444
441,BRL,2014-10-13 00:00:00,0.9571,0.9283,0.9532
442,BRL,2014-10-14 00:00:00,0.9594,0.9366,0.9494
443,BRL,2014-10-15 00:00:00,0.953,0.9137,0.9239
444,BRL,2014-10-16 00:00:00,0.9328,0.9052,0.9189
445,BRL,2014-10-17 00:00:00,0.9299,0.9037,0.9265
446,BRL,2014-10-18 00:00:00,0.9299,0.9037,0.9261
447,BRL,2014-10-19 00:00:00,0.9261,0.9169,0.9248
448,BRL,2014-10-20 00:00:00,0.927,0.8977,0.9176
449,BRL,2014-10-21 00:00:00,0.9181,0.8922,0.9085
450,BRL,2014-10-22 00:00:00,0.9133,0.8962,0.9081
451,BRL,2014-10-23 00:00:00,0.9099,0.8851,0.8977
452,BRL,2014-10-24 00:00:00,0.9155,0.8873,0.9058
453,BRL,2014-10-25 00:00:00,0.9155,0.8873,0.9046
454,BRL,2014-10-26 00:00:00,0.9046,0.8969,0.9045
455,BRL,2014-10-27 01:00:00,0.9232,0.871,0.8874
456,BRL,2014-10-28 01:00:00,0.9039,0.8778,0.9039
457,BRL,2014-10-29 01:00:00,0.9109,0.886,0.9033
458,BRL,2014-10-30 01:00:00,0.9253,0.894,0.9201
459,BRL,2014-10-31 01:00:00,0.922,0.8903,0.898
460,BRL,2014-11-01 01:00:00,0.922,0.8903,0.9004
461,BRL,2014-11-02 01:00:00,0.9004,0.891,0.8986
462,BRL,2014-11-03 01:00:00,0.9078,0.8852,0.8993
463,BRL,2014-11-04 01:00:00,0.9,0.8754,0.8855
464,BRL,2014-11-05 01:00:00,0.8999,0.8781,0.8986
465,BRL,2014-11-06 01:00:00,0.9021,0.8707,0.8796
466,BRL,2014-11-07 01:00:00,0.8911,0.8704,0.8833
467,BRL,2014-11-08 01:00:00,0.8911,0.8704,0.8837
468,BRL,2014-11-09 01:00:00,0.8837,0.8758,0.883
469,BRL,2014-11-10 01:00:00,0.8927,0.8689,0.8862
470,BRL,2014-11-11 01:00:00,0.8933,0.8768,0.8876
471,BRL,2014-11-12 01:00:00,0.8914,0.8725,0.8796
472,BRL,2014-11-13 01:00:00,0.8823,0.8554,0.8654
473,BRL,2014-11-14 01:00:00,0.8728,0.849,0.8604
474,BRL,2014-11-15 01:00:00,0.8728,0.849,0.8592
475,BRL,2014-11-16 01:00:00,0.8592,0.852,0.8592
476,BRL,2014-11-17 01:00:00,0.8655,0.847,0.8606
477,BRL,2014-11-18 01:00:00,0.8638,0.8473,0.8588
478,BRL,2014-11-19 01:00:00,0.8741,0.8509,0.8724
479,BRL,2014-11-20 01:00:00,0.8773,0.8581,0.8675
480,BRL,2014-11-21 01:00:00,0.8862,0.8583,0.8847
481,BRL,2014-11-22 01:00:00,0.8865,0.8583,0.8865
482,BRL,2014-11-23 01:00:00,0.8865,0.8763,0.8858
483,BRL,2014-11-24 01:00:00,0.893,0.8681,0.8768
484,BRL,2014-11-25 01:00:00,0.8866,0.8682,0.8813
485,BRL,2014-11-26 01:00:00,0.8893,0.8721,0.8877
486,BRL,2014-11-27 01:00:00,0.8903,0.8703,0.8776
487,BRL,2014-11-28 01:00:00,0.8883,0.8522,0.8662
488,BRL,2014-11-29 01:00:00,0.8883,0.8522,0.8683
489,BRL,2014-11-30 01:00:00,0.8683,0.8612,0.8682
490,BRL,2014-12-01 01:00:00,0.8726,0.8567,0.871
491,BRL,2014-12-02 01:00:00,0.8728,0.8592,0.8705
492,BRL,2014-12-03 01:00:00,0.8814,0.8613,0.8797
493,BRL,2014-12-04 01:00:00,0.8825,0.8588,0.8681
494,BRL,2014-12-05 01:00:00,0.877,0.857,0.8756
495,BRL,2014-12-06 01:00:00,0.877,0.857,0.8741
496,BRL,2014-12-07 01:00:00,0.876,0.8631,0.8741
497,BRL,2014-12-08 01:00:00,0.885,0.8626,0.8749
498,BRL,2014-12-09 01:00:00,0.8767,0.8593,0.8755
499,BRL,2014-12-10 01:00:00,0.8791,0.8604,0.8693
500,BRL,2014-12-11 01:00:00,0.8698,0.8508,0.8597
501,BRL,2014-12-12 01:00:00,0.8707,0.8518,0.8679
502,BRL,2014-12-13 01:00:00,0.8707,0.8518,0.8671
503,BRL,2014-12-14 01:00:00,0.8686,0.8603,0.8671
504,BRL,2014-12-15 01:00:00,0.8799,0.8603,0.8776
505,BRL,2014-12-16 01:00:00,0.8865,0.8532,0.8669
506,BRL,2014-12-17 01:00:00,0.8787,0.8521,0.8636
507,BRL,2014-12-18 01:00:00,0.8787,0.8491,0.8748
508,BRL,2014-12-19 01:00:00,0.8826,0.8631,0.8729
509,BRL,2014-12-20 01:00:00,0.8826,0.8631,0.8718
510,BRL,2014-12-21 01:00:00,0.8718,0.8643,0.8711
511,BRL,2014-12-22 01:00:00,0.879,0.8603,0.8711
512,BRL,2014-12-23 01:00:00,0.8761,0.8527,0.86
513,BRL,2014-12-24 01:00:00,0.8653,0.8523,0.8624
514,BRL,2014-12-25 01:00:00,0.8642,0.8545,0.8628
515,BRL,2014-12-26 01:00:00,0.871,0.8535,0.871
516,BRL,2014-12-28 01:00:00,0.871,0.8635,0.8703
517,BRL,2014-12-29 01:00:00,0.8755,0.8517,0.8612
518,BRL,2014-12-30 01:00:00,0.8718,0.8522,0.864
519,BRL,2014-12-31 01:00:00,0.8838,0.856,0.8801
520,BRL,2015-01-01 01:00:00,0.8842,0.8718,0.879
521,BRL,2015-01-02 01:00:00,0.8883,0.8625,0.8726
522,BRL,2015-01-03 01:00:00,0.8883,0.8625,0.8726
523,BRL,2015-01-04 01:00:00,0.8726,0.8655,0.8721
524,BRL,2015-01-05 01:00:00,0.8763,0.8498,0.8639
525,BRL,2015-01-06 01:00:00,0.8669,0.8523,0.8619
526,BRL,2015-01-07 01:00:00,0.8725,0.8525,0.87
527,BRL,2015-01-08 01:00:00,0.8698,0.85,0.8664
528,BRL,2015-01-09 01:00:00,0.8737,0.8546,0.8732
529,BRL,2015-01-10 01:00:00,0.8747,0.8546,0.8747
530,BRL,2015-01-11 01:00:00,0.8747,0.8619,0.8746
531,BRL,2015-01-12 01:00:00,0.8763,0.8514,0.8582
532,BRL,2015-01-13 01:00:00,0.8699,0.8457,0.865
533,BRL,2015-01-14 01:00:00,0.8787,0.8582,0.8749
534,BRL,2015-01-15 01:00:00,0.8819,0.8619,0.8694
535,BRL,2015-01-16 01:00:00,0.8922,0.8654,0.8899
536,BRL,2015-01-17 01:00:00,0.8922,0.8654,0.8826
537,BRL,2015-01-18 01:00:00,0.8898,0.8754,0.8898
538,BRL,2015-01-19 01:00:00,0.8969,0.8723,0.8829
539,BRL,2015-01-20 01:00:00,0.9055,0.8752,0.9039
540,BRL,2015-01-21 01:00:00,0.9057,0.8886,0.901
541,BRL,2015-01-22 01:00:00,0.9136,0.8963,0.9049
542,BRL,2015-01-23 01:00:00,0.9137,0.8975,0.9092
543,BRL,2015-01-24 01:00:00,0.9137,0.8975,0.9104
544,BRL,2015-01-25 01:00:00,0.9132,0.903,0.9132
545,BRL,2015-01-26 01:00:00,0.9215,0.8988,0.9131
546,BRL,2015-01-27 01:00:00,0.9234,0.9008,0.9207
547,BRL,2015-01-28 01:00:00,0.9289,0.9104,0.926
548,BRL,2015-01-29 01:00:00,0.9378,0.9134,0.9228
549,BRL,2015-01-30 01:00:00,0.9321,0.8988,0.9091
550,BRL,2015-01-31 01:00:00,0.9321,0.8988,0.9099
551,BRL,2015-02-01 01:00:00,0.9122,0.9028,0.9122
552,BRL,2015-02-02 01:00:00,0.9142,0.884,0.891
553,BRL,2015-02-03 01:00:00,0.8993,0.8791,0.8942
554,BRL,2015-02-04 01:00:00,0.9024,0.8835,0.8909
555,BRL,2015-02-05 01:00:00,0.9023,0.8807,0.895
556,BRL,2015-02-06 01:00:00,0.8952,0.8761,0.8886
557,BRL,2015-02-07 01:00:00,0.8952,0.8761,0.8904
558,BRL,2015-02-08 01:00:00,0.8922,0.8843,0.892
559,BRL,2015-02-09 01:00:00,0.9004,0.8837,0.898
560,BRL,2015-02-10 01:00:00,0.8999,0.8769,0.8846
561,BRL,2015-02-11 01:00:00,0.8862,0.8649,0.8747
562,BRL,2015-02-12 01:00:00,0.8804,0.859,0.8798
563,BRL,2015-02-13 01:00:00,0.8809,0.8615,0.87
564,BRL,2015-02-14 01:00:00,0.8809,0.8615,0.8686
565,BRL,2015-02-15 01:00:00,0.869,0.8622,0.869
566,BRL,2015-02-16 01:00:00,0.8749,0.859,0.8661
567,BRL,2015-02-17 01:00:00,0.872,0.8586,0.8684
568,BRL,2015-02-18 01:00:00,0.8752,0.8594,0.8692
569,BRL,2015-02-19 01:00:00,0.8718,0.8513,0.8587
570,BRL,2015-02-20 01:00:00,0.8637,0.8488,0.8597
571,BRL,2015-02-21 01:00:00,0.8637,0.8488,0.8578
572,BRL,2015-02-22 01:00:00,0.8578,0.8505,0.8568
573,BRL,2015-02-23 01:00:00,0.8693,0.8499,0.8619
574,BRL,2015-02-24 01:00:00,0.877,0.8546,0.8751
575,BRL,2015-02-25 01:00:00,0.8751,0.8551,0.8732
576,BRL,2015-02-26 01:00:00,0.8752,0.8536,0.8598
577,BRL,2015-02-27 01:00:00,0.8867,0.8536,0.8867
578,BRL,2015-02-28 01:00:00,0.8867,0.8536,0.8846
579,BRL,2015-03-01 01:00:00,0.8849,0.8781,0.8846
580,BRL,2015-03-02 01:00:00,0.8914,0.8649,0.8762
581,BRL,2015-03-03 01:00:00,0.8784,0.8579,0.8648
582,BRL,2015-03-04 01:00:00,0.8744,0.8486,0.8628
583,BRL,2015-03-05 01:00:00,0.876,0.8515,0.8677
584,BRL,2015-03-06 01:00:00,0.874,0.8516,0.8606
585,BRL,2015-03-07 01:00:00,0.874,0.8502,0.8567
586,BRL,2015-03-08 01:00:00,0.8585,0.8508,0.8567
587,BRL,2015-03-09 01:00:00,0.862,0.8272,0.8361
588,BRL,2015-03-10 01:00:00,0.8537,0.8243,0.8501
589,BRL,2015-03-11 01:00:00,0.8529,0.8272,0.8381
590,BRL,2015-03-12 01:00:00,0.8431,0.8135,0.8199
591,BRL,2015-03-13 01:00:00,0.8311,0.8017,0.8121
592,BRL,2015-03-14 01:00:00,0.8311,0.8017,0.813
593,BRL,2015-03-15 01:00:00,0.813,0.8032,0.8084
594,BRL,2015-03-16 01:00:00,0.8216,0.7995,0.8155
595,BRL,2015-03-17 01:00:00,0.8127,0.7926,0.8066
596,BRL,2015-03-18 01:00:00,0.8233,0.7963,0.8176
597,BRL,2015-03-19 01:00:00,0.8177,0.7834,0.7925
598,BRL,2015-03-20 01:00:00,0.8058,0.7777,0.802
599,BRL,2015-03-21 01:00:00,0.8058,0.7777,0.8007
600,BRL,2015-03-22 01:00:00,0.8012,0.7955,0.8012
601,BRL,2015-03-23 01:00:00,0.8165,0.7892,0.8159
602,BRL,2015-03-24 01:00:00,0.8291,0.8058,0.8187
603,BRL,2015-03-25 01:00:00,0.8218,0.7995,0.8084
604,BRL,2015-03-26 01:00:00,0.8196,0.8,0.8148
605,BRL,2015-03-27 01:00:00,0.8272,0.7968,0.8061
606,BRL,2015-03-28 01:00:00,0.8272,0.7968,0.8063
607,BRL,2015-03-29 01:00:00,0.8085,0.8011,0.8085
608,BRL,2015-03-30 00:00:00,0.8122,0.7897,0.8092
609,BRL,2015-03-31 00:00:00,0.825,0.7967,0.8126
610,BRL,2015-04-01 00:00:00,0.8303,0.8067,0.8171
611,BRL,2015-04-02 00:00:00,0.8333,0.8085,0.8309
612,BRL,2015-04-03 00:00:00,0.8338,0.813,0.8244
613,BRL,2015-04-04 00:00:00,0.8338,0.813,0.8253
614,BRL,2015-04-05 00:00:00,0.8256,0.8174,0.8249
615,BRL,2015-04-06 00:00:00,0.8372,0.8158,0.8244
616,BRL,2015-04-07 00:00:00,0.8339,0.8152,0.8275
617,BRL,2015-04-08 00:00:00,0.8531,0.8225,0.8506
618,BRL,2015-04-09 00:00:00,0.8624,0.8431,0.8547
619,BRL,2015-04-10 00:00:00,0.8633,0.8449,0.8549
620,BRL,2015-04-11 00:00:00,0.8633,0.8449,0.8551
621,BRL,2015-04-12 00:00:00,0.8565,0.8492,0.8551
622,BRL,2015-04-13 00:00:00,0.8663,0.8439,0.8518
623,BRL,2015-04-14 00:00:00,0.8733,0.8444,0.8712
624,BRL,2015-04-15 00:00:00,0.9012,0.8628,0.8973
625,BRL,2015-04-16 00:00:00,0.9043,0.8789,0.9018
626,BRL,2015-04-17 00:00:00,0.898,0.8737,0.8845
627,BRL,2015-04-18 00:00:00,0.898,0.8733,0.8795
628,BRL,2015-04-19 00:00:00,0.8783,0.8712,0.8781
629,BRL,2015-04-20 00:00:00,0.8952,0.8712,0.8933
630,BRL,2015-04-21 00:00:00,0.898,0.8774,0.8878
631,BRL,2015-04-22 00:00:00,0.9072,0.8797,0.9042
632,BRL,2015-04-23 00:00:00,0.9173,0.8935,0.9138
633,BRL,2015-04-24 00:00:00,0.9243,0.8998,0.924
634,BRL,2015-04-25 00:00:00,0.9243,0.8998,0.9224
635,BRL,2015-04-26 00:00:00,0.9224,0.9116,0.9215
636,BRL,2015-04-27 00:00:00,0.9302,0.9121,0.9267
637,BRL,2015-04-28 00:00:00,0.9266,0.8985,0.9086
638,BRL,2015-04-29 00:00:00,0.9116,0.89,0.9008
639,BRL,2015-04-30 00:00:00,0.9087,0.8823,0.8921
640,BRL,2015-05-01 00:00:00,0.894,0.8605,0.8898
641,BRL,2015-05-02 00:00:00,0.8981,0.8605,0.8978
642,BRL,2015-05-03 00:00:00,0.8999,0.8916,0.8978
643,BRL,2015-05-04 00:00:00,0.906,0.8719,0.8809
644,BRL,2015-05-05 00:00:00,0.891,0.8732,0.8884
645,BRL,2015-05-06 00:00:00,0.8921,0.8759,0.8855
646,BRL,2015-05-07 00:00:00,0.8966,0.8725,0.8909
647,BRL,2015-05-08 00:00:00,0.9054,0.8801,0.9036
648,BRL,2015-05-09 00:00:00,0.9063,0.8801,0.9063
649,BRL,2015-05-10 00:00:00,0.9063,0.8997,0.9061
650,BRL,2015-05-11 00:00:00,0.9118,0.8745,0.8829
651,BRL,2015-05-12 00:00:00,0.8884,0.871,0.886
652,BRL,2015-05-13 00:00:00,0.8873,0.8608,0.8682
653,BRL,2015-05-14 00:00:00,0.8698,0.8526,0.8663
654,BRL,2015-05-15 00:00:00,0.8714,0.8523,0.8627
655,BRL,2015-05-16 00:00:00,0.8714,0.8523,0.8616
656,BRL,2015-05-17 00:00:00,0.8616,0.8553,0.8613
657,BRL,2015-05-18 00:00:00,0.8668,0.8482,0.8601
658,BRL,2015-05-19 00:00:00,0.8648,0.8499,0.8583
659,BRL,2015-05-20 00:00:00,0.8628,0.8441,0.8613
660,BRL,2015-05-21 00:00:00,0.8616,0.8465,0.8541
661,BRL,2015-05-22 00:00:00,0.8598,0.8329,0.8405
662,BRL,2015-05-23 00:00:00,0.8598,0.8329,0.8418
663,BRL,2015-05-24 00:00:00,0.8428,0.8344,0.8418
664,BRL,2015-05-25 00:00:00,0.8548,0.8297,0.8453
665,BRL,2015-05-26 00:00:00,0.8523,0.8331,0.8396
666,BRL,2015-05-27 00:00:00,0.8434,0.8375,0.8434
667,BRL,2015-05-28 00:00:00,0.8504,0.8371,0.8482
668,BRL,2015-05-29 00:00:00,0.8487,0.8284,0.8376
669,BRL,2015-05-30 00:00:00,0.8487,0.8284,0.8385
670,BRL,2015-05-31 00:00:00,0.8397,0.8329,0.8389
671,BRL,2015-06-01 00:00:00,0.8489,0.8295,0.8474
672,BRL,2015-06-02 00:00:00,0.8567,0.8505,0.8562
673,BRL,2015-06-03 00:00:00,0.8593,0.8533,0.8593
674,BRL,2015-06-04 00:00:00,0.8654,0.8417,0.8504
675,BRL,2015-06-05 00:00:00,0.8607,0.8346,0.8487
676,BRL,2015-06-06 00:00:00,0.8607,0.8346,0.8481
677,BRL,2015-06-07 00:00:00,0.8481,0.8415,0.8469
678,BRL,2015-06-08 00:00:00,0.8973,0.8412,0.8904
679,BRL,2015-06-09 00:00:00,0.8927,0.8718,0.8906
680,BRL,2015-06-10 00:00:00,0.8954,0.8764,0.8837
681,BRL,2015-06-11 00:00:00,0.8867,0.8538,0.8791
682,BRL,2015-06-12 00:00:00,0.8845,0.8647,0.8723
683,BRL,2015-06-13 00:00:00,0.8845,0.8647,0.8718
684,BRL,2015-06-14 00:00:00,0.8741,0.8656,0.8728
685,BRL,2015-06-15 00:00:00,0.8854,0.8651,0.8771
686,BRL,2015-06-16 00:00:00,0.8879,0.8675,0.8863
687,BRL,2015-06-17 00:00:00,0.8892,0.8821,0.8889
688,BRL,2015-06-18 00:00:00,0.8986,0.8801,0.8873
689,BRL,2015-06-19 00:00:00,0.8923,0.8656,0.8767
690,BRL,2015-06-20 00:00:00,0.8923,0.8656,0.8759
691,BRL,2015-06-21 00:00:00,0.8757,0.8688,0.8757
692,BRL,2015-06-22 00:00:00,0.8772,0.8556,0.869
693,BRL,2015-06-23 00:00:00,0.8735,0.8565,0.873
694,BRL,2015-06-24 00:00:00,0.8774,0.8586,0.8654
695,BRL,2015-06-25 00:00:00,0.8701,0.8447,0.8517
696,BRL,2015-06-26 00:00:00,0.8568,0.8427,0.8541
697,BRL,2015-06-27 00:00:00,0.8568,0.8427,0.855
698,BRL,2015-06-28 00:00:00,0.855,0.8491,0.855
699,BRL,2015-06-29 00:00:00,0.87,0.8481,0.8639
700,BRL,2015-06-30 00:00:00,0.8713,0.8523,0.8653
701,BRL,2015-07-01 00:00:00,0.8574,0.8513,0.8573
702,BRL,2015-07-02 00:00:00,0.8702,0.8492,0.8691
703,BRL,2015-07-03 00:00:00,0.8741,0.8497,0.8584
704,BRL,2015-07-04 00:00:00,0.8741,0.8497,0.86
705,BRL,2015-07-05 00:00:00,0.8689,0.8618,0.8689
706,BRL,2015-07-06 00:00:00,0.8693,0.8446,0.8584
707,BRL,2015-07-07 00:00:00,0.8461,0.8405,0.8461
708,BRL,2015-07-08 00:00:00,0.8316,0.8258,0.8316
709,BRL,2015-07-09 00:00:00,0.8374,0.8212,0.8343
710,BRL,2015-07-10 00:00:00,0.8451,0.821,0.8451
711,BRL,2015-07-11 00:00:00,0.8464,0.821,0.8461
712,BRL,2015-07-12 00:00:00,0.8501,0.8434,0.8491
713,BRL,2015-07-13 00:00:00,0.8501,0.8324,0.8479
714,BRL,2015-07-14 00:00:00,0.8485,0.8326,0.8413
715,BRL,2015-07-15 00:00:00,0.8452,0.8389,0.8447
716,BRL,2015-07-16 00:00:00,0.8511,0.8345,0.8443
717,BRL,2015-07-17 00:00:00,0.8497,0.8249,0.8342
718,BRL,2015-07-18 00:00:00,0.8342,0.8282,0.8342
719,BRL,2015-07-19 00:00:00,0.8361,0.8289,0.836
720,BRL,2015-07-20 00:00:00,0.8481,0.8276,0.8451
721,BRL,2015-07-21 00:00:00,0.852,0.8337,0.8494
722,BRL,2015-07-22 00:00:00,0.8584,0.8346,0.8432
723,BRL,2015-07-23 00:00:00,0.8489,0.8229,0.8328
724,BRL,2015-07-24 00:00:00,0.84,0.8138,0.8216
725,BRL,2015-07-25 00:00:00,0.84,0.8138,0.8219
726,BRL,2015-07-26 00:00:00,0.8211,0.8146,0.8203
727,BRL,2015-07-27 00:00:00,0.8268,0.8209,0.8265
728,BRL,2015-07-28 00:00:00,0.8281,0.7997,0.825
729,BRL,2015-07-29 00:00:00,0.8326,0.8263,0.8318
730,BRL,2015-07-30 00:00:00,0.8397,0.8187,0.8255
731,BRL,2015-07-31 00:00:00,0.8334,0.8032,0.8107
732,BRL,2015-08-01 00:00:00,0.8118,0.8068,0.8118
733,BRL,2015-08-02 00:00:00,0.8122,0.805,0.8109
734,BRL,2015-08-03 00:00:00,0.817,0.7995,0.8069
735,BRL,2015-08-04 00:00:00,0.8106,0.7917,0.8016
736,BRL,2015-08-05 00:00:00,0.8012,0.7956,0.8004
737,BRL,2015-08-06 00:00:00,0.8047,0.7756,0.7884
738,BRL,2015-08-07 00:00:00,0.7973,0.7778,0.7939
739,BRL,2015-08-08 00:00:00,0.7973,0.7778,0.7946
740,BRL,2015-08-09 00:00:00,0.7946,0.7891,0.7942
741,BRL,2015-08-10 00:00:00,0.8128,0.7843,0.8125
742,BRL,2015-08-11 00:00:00,0.8125,0.7834,0.799
743,BRL,2015-08-12 00:00:00,0.7998,0.7938,0.7994
744,BRL,2015-08-13 00:00:00,0.8029,0.7971,0.8019
745,BRL,2015-08-14 00:00:00,0.8185,0.7967,0.8137
746,BRL,2015-08-15 00:00:00,0.8185,0.7967,0.8151
747,BRL,2015-08-16 00:00:00,0.8154,0.8102,0.8154
748,BRL,2015-08-17 00:00:00,0.8261,0.8019,0.8201
749,BRL,2015-08-18 00:00:00,0.8415,0.8149,0.839
750,BRL,2015-08-19 00:00:00,0.8501,0.827,0.8391
751,BRL,2015-08-20 00:00:00,0.8614,0.831,0.8416
752,BRL,2015-08-21 00:00:00,0.8523,0.8253,0.8322
753,BRL,2015-08-22 00:00:00,0.8523,0.8245,0.8305
754,BRL,2015-08-23 00:00:00,0.8357,0.8254,0.8305
755,BRL,2015-08-24 00:00:00,0.8602,0.82,0.8257
756,BRL,2015-08-25 00:00:00,0.833,0.8042,0.8093
757,BRL,2015-08-26 00:00:00,0.8198,0.8002,0.8195
758,BRL,2015-08-27 00:00:00,0.823,0.8052,0.8205
759,BRL,2015-08-28 00:00:00,0.8246,0.8052,0.8142
760,BRL,2015-08-29 00:00:00,0.8246,0.8052,0.8169
761,BRL,2015-08-30 00:00:00,0.8179,0.8121,0.8169
762,BRL,2015-08-31 00:00:00,0.8228,0.7873,0.8039
763,BRL,2015-09-01 00:00:00,0.81,0.7856,0.7918
764,BRL,2015-09-02 00:00:00,0.7996,0.7788,0.7863
765,BRL,2015-09-03 00:00:00,0.7938,0.7751,0.7928
766,BRL,2015-09-04 00:00:00,0.8039,0.7719,0.7796
767,BRL,2015-09-05 00:00:00,0.8039,0.7719,0.7828
768,BRL,2015-09-06 00:00:00,0.784,0.7786,0.7828
769,BRL,2015-09-07 00:00:00,0.7942,0.7797,0.7901
770,BRL,2015-09-08 00:00:00,0.7985,0.782,0.7906
771,BRL,2015-09-09 00:00:00,0.8043,0.7798,0.8022
772,BRL,2015-09-10 00:00:00,0.812,0.7766,0.7912
773,BRL,2015-09-11 00:00:00,0.7973,0.7772,0.7885
774,BRL,2015-09-12 00:00:00,0.7973,0.7772,0.7887
775,BRL,2015-09-13 00:00:00,0.7893,0.7841,0.7887
776,BRL,2015-09-14 00:00:00,0.8056,0.7796,0.7997
777,BRL,2015-09-15 00:00:00,0.8064,0.7766,0.7854
778,BRL,2015-09-16 00:00:00,0.788,0.7741,0.7849
779,BRL,2015-09-17 00:00:00,0.793,0.7675,0.7745
780,BRL,2015-09-18 00:00:00,0.7763,0.75,0.7577
781,BRL,2015-09-19 00:00:00,0.7763,0.75,0.7625
782,BRL,2015-09-20 00:00:00,0.7638,0.7585,0.7638
783,BRL,2015-09-21 00:00:00,0.7683,0.7475,0.7525
784,BRL,2015-09-22 00:00:00,0.7622,0.7428,0.7493
785,BRL,2015-09-23 00:00:00,0.7556,0.7223,0.7275
786,BRL,2015-09-24 00:00:00,0.7693,0.7202,0.7652
787,BRL,2015-09-25 00:00:00,0.7811,0.757,0.7686
788,BRL,2015-09-26 00:00:00,0.7811,0.757,0.7686
789,BRL,2015-09-27 00:00:00,0.7686,0.7601,0.7686
790,BRL,2015-09-28 00:00:00,0.7707,0.7386,0.7453
791,BRL,2015-09-29 00:00:00,0.7477,0.7417,0.746
792,BRL,2015-09-30 00:00:00,0.7718,0.7407,0.7675
793,BRL,2015-10-01 00:00:00,0.7697,0.7478,0.7537
794,BRL,2015-10-02 00:00:00,0.7642,0.7445,0.7632
795,BRL,2015-10-03 00:00:00,0.7642,0.7445,0.763
796,BRL,2015-10-04 00:00:00,0.763,0.7585,0.7625
797,BRL,2015-10-05 00:00:00,0.7704,0.7535,0.7654
798,BRL,2015-10-06 00:00:00,0.7811,0.7563,0.7751
799,BRL,2015-10-07 00:00:00,0.7766,0.7483,0.7539
800,BRL,2015-10-08 00:00:00,0.7744,0.7462,0.7732
801,BRL,2015-10-09 00:00:00,0.7815,0.754,0.7748
802,BRL,2015-10-10 00:00:00,0.7815,0.754,0.7786
803,BRL,2015-10-11 00:00:00,0.7786,0.7719,0.7762
804,BRL,2015-10-12 00:00:00,0.7899,0.7707,0.7779
805,BRL,2015-10-13 00:00:00,0.7883,0.7532,0.7588
806,BRL,2015-10-14 00:00:00,0.7694,0.7514,0.7671
807,BRL,2015-10-15 00:00:00,0.7668,0.7423,0.7619
808,BRL,2015-10-16 00:00:00,0.7659,0.732,0.7392
809,BRL,2015-10-17 00:00:00,0.7659,0.732,0.7379
810,BRL,2015-10-18 00:00:00,0.7379,0.7333,0.7372
811,BRL,2015-10-19 00:00:00,0.7513,0.7312,0.7479
812,BRL,2015-10-20 00:00:00,0.75,0.7453,0.75
813,BRL,2015-10-21 00:00:00,0.7502,0.7302,0.7386
814,BRL,2015-10-22 00:00:00,0.7401,0.7256,0.7401
815,BRL,2015-10-23 00:00:00,0.7486,0.728,0.7456
816,BRL,2015-10-24 00:00:00,0.7507,0.728,0.7506
817,BRL,2015-10-25 00:00:00,0.7506,0.7464,0.7504
818,BRL,2015-10-26 00:00:00,0.756,0.7331,0.7405
819,BRL,2015-10-27 00:00:00,0.7507,0.7341,0.7503
820,BRL,2015-10-28 00:00:00,0.7514,0.7328,0.742
821,BRL,2015-10-29 00:00:00,0.7665,0.7377,0.7651
822,BRL,2015-10-30 00:00:00,0.7669,0.7473,0.7566
823,BRL,2015-10-31 00:00:00,0.7669,0.7473,0.7566
824,BRL,2015-11-01 00:00:00,0.7573,0.7525,0.7573
825,BRL,2015-11-02 00:00:00,0.7566,0.7131,0.7304
826,BRL,2015-11-03 00:00:00,0.7606,0.7227,0.7553
827,BRL,2015-11-04 00:00:00,0.7598,0.7434,0.7511
828,BRL,2015-11-05 00:00:00,0.7603,0.7496,0.7543
829,BRL,2015-11-06 00:00:00,0.7781,0.7504,0.7724
830,BRL,2015-11-07 00:00:00,0.7781,0.7504,0.7731
831,BRL,2015-11-08 00:00:00,0.7741,0.7689,0.7741
832,BRL,2015-11-09 01:00:00,0.7784,0.7639,0.771
833,BRL,2015-11-10 01:00:00,0.7829,0.7609,0.7788
834,BRL,2015-11-11 01:00:00,0.7799,0.7604,0.7696
835,BRL,2015-11-12 01:00:00,0.7701,0.7513,0.7619
836,BRL,2015-11-13 01:00:00,0.765,0.7392,0.7459
837,BRL,2015-11-14 01:00:00,0.765,0.7392,0.7467
838,BRL,2015-11-15 01:00:00,0.7467,0.7402,0.7467
839,BRL,2015-11-16 01:00:00,0.7569,0.7413,0.7548
840,BRL,2015-11-17 01:00:00,0.758,0.7473,0.7545
841,BRL,2015-11-18 01:00:00,0.7635,0.7487,0.7631
842,BRL,2015-11-19 01:00:00,0.7664,0.7502,0.7661
843,BRL,2015-11-20 01:00:00,0.7668,0.7484,0.7641
844,BRL,2015-11-21 01:00:00,0.7668,0.7484,0.7652
845,BRL,2015-11-22 01:00:00,0.7652,0.7603,0.7652
846,BRL,2015-11-23 01:00:00,0.7705,0.7582,0.7637
847,BRL,2015-11-24 01:00:00,0.7797,0.7593,0.7782
848,BRL,2015-11-25 01:00:00,0.7864,0.7545,0.7704
849,BRL,2015-11-26 01:00:00,0.7816,0.767,0.781
850,BRL,2015-11-27 01:00:00,0.7862,0.7561,0.7603
851,BRL,2015-11-28 01:00:00,0.7862,0.7561,0.7621
852,BRL,2015-11-29 01:00:00,0.7625,0.7579,0.7625
853,BRL,2015-11-30 01:00:00,0.7651,0.7369,0.7511
854,BRL,2015-12-01 01:00:00,0.7553,0.7369,0.7498
855,BRL,2015-12-02 01:00:00,0.7583,0.742,0.7554
856,BRL,2015-12-03 01:00:00,0.7759,0.7484,0.7706
857,BRL,2015-12-04 01:00:00,0.7755,0.7609,0.769
858,BRL,2015-12-05 01:00:00,0.7722,0.7679,0.7722
859,BRL,2015-12-06 01:00:00,0.7727,0.7648,0.7709
860,BRL,2015-12-07 01:00:00,0.7794,0.7625,0.7749
861,BRL,2015-12-08 01:00:00,0.7796,0.7604,0.7689
862,BRL,2015-12-09 01:00:00,0.7851,0.7582,0.7782
863,BRL,2015-12-10 01:00:00,0.7837,0.7576,0.7705
864,BRL,2015-12-11 01:00:00,0.7797,0.7584,0.7661
865,BRL,2015-12-12 01:00:00,0.7797,0.7584,0.77
866,BRL,2015-12-13 01:00:00,0.7705,0.7658,0.7705
867,BRL,2015-12-14 01:00:00,0.774,0.7586,0.7729
868,BRL,2015-12-15 01:00:00,0.773,0.7528,0.7644
869,BRL,2015-12-16 01:00:00,0.767,0.744,0.7627
870,BRL,2015-12-17 01:00:00,0.7629,0.7452,0.7562
871,BRL,2015-12-18 01:00:00,0.7603,0.7255,0.7364
872,BRL,2015-12-19 01:00:00,0.7603,0.7255,0.7357
873,BRL,2015-12-20 01:00:00,0.7357,0.7313,0.7352
874,BRL,2015-12-21 01:00:00,0.7377,0.7182,0.7265
875,BRL,2015-12-22 01:00:00,0.7429,0.7207,0.738
876,BRL,2015-12-23 01:00:00,0.7453,0.7299,0.7424
877,BRL,2015-12-24 01:00:00,0.7448,0.7336,0.7398
878,BRL,2015-12-25 01:00:00,0.7407,0.7344,0.7404
879,BRL,2015-12-26 01:00:00,0.7415,0.7344,0.7414
880,BRL,2015-12-27 01:00:00,0.7422,0.7375,0.7422
881,BRL,2015-12-28 01:00:00,0.7566,0.7336,0.7547
882,BRL,2015-12-29 01:00:00,0.7599,0.7433,0.7536
883,BRL,2015-12-30 01:00:00,0.7564,0.7236,0.7379
884,BRL,2015-12-31 01:00:00,0.7407,0.7323,0.7374
885,BRL,2016-01-01 01:00:00,0.7405,0.7333,0.7382
886,BRL,2016-01-02 01:00:00,0.7405,0.7333,0.7374
887,BRL,2016-01-03 01:00:00,0.7382,0.7334,0.7373
888,BRL,2016-01-04 01:00:00,0.7474,0.7205,0.7353
889,BRL,2016-01-05 01:00:00,0.7481,0.7284,0.7445
890,BRL,2016-01-06 01:00:00,0.7532,0.738,0.7486
891,BRL,2016-01-07 01:00:00,0.7529,0.737,0.7426
892,BRL,2016-01-08 01:00:00,0.7501,0.7344,0.7441
893,BRL,2016-01-09 01:00:00,0.7501,0.7344,0.7465
894,BRL,2016-01-10 01:00:00,0.7475,0.7436,0.7475
895,BRL,2016-01-11 01:00:00,0.7573,0.742,0.7479
896,BRL,2016-01-12 01:00:00,0.7561,0.741,0.7541
897,BRL,2016-01-13 01:00:00,0.7594,0.7452,0.752
898,BRL,2016-01-14 01:00:00,0.7602,0.7474,0.7583
899,BRL,2016-01-15 01:00:00,0.7619,0.745,0.7503
900,BRL,2016-01-16 01:00:00,0.7619,0.745,0.7528
901,BRL,2016-01-17 01:00:00,0.7528,0.7485,0.7524
902,BRL,2016-01-18 01:00:00,0.7575,0.7451,0.7505
903,BRL,2016-01-19 01:00:00,0.7581,0.742,0.7495
904,BRL,2016-01-20 01:00:00,0.7549,0.7355,0.7451
905,BRL,2016-01-21 01:00:00,0.7463,0.7224,0.7297
906,BRL,2016-01-22 01:00:00,0.7397,0.7204,0.7341
907,BRL,2016-01-23 01:00:00,0.7397,0.7204,0.7319
908,BRL,2016-01-24 01:00:00,0.7323,0.7271,0.7323
909,BRL,2016-01-25 01:00:00,0.7402,0.7273,0.7389
910,BRL,2016-01-26 01:00:00,0.747,0.7305,0.7435
911,BRL,2016-01-27 01:00:00,0.7458,0.7238,0.73
912,BRL,2016-01-28 01:00:00,0.738,0.7219,0.7324
913,BRL,2016-01-29 01:00:00,0.7451,0.7203,0.7406
914,BRL,2016-01-30 01:00:00,0.7451,0.7203,0.7384
915,BRL,2016-01-31 01:00:00,0.7389,0.734,0.7378
916,BRL,2016-02-01 01:00:00,0.7451,0.7396,0.7448
917,BRL,2016-02-02 01:00:00,0.7417,0.7375,0.7414
918,BRL,2016-02-03 01:00:00,0.7572,0.7452,0.7496
919,BRL,2016-02-04 01:00:00,0.7491,0.745,0.7491
920,BRL,2016-02-05 01:00:00,0.7547,0.737,0.7547
921,BRL,2016-02-06 01:00:00,0.7547,0.737,0.7534
922,BRL,2016-02-07 01:00:00,0.7534,0.7491,0.7531
923,BRL,2016-02-08 01:00:00,0.7584,0.7442,0.7575
924,BRL,2016-02-09 01:00:00,0.762,0.7505,0.7574
925,BRL,2016-02-10 01:00:00,0.759,0.736,0.7455
926,BRL,2016-02-11 01:00:00,0.7518,0.725,0.7327
927,BRL,2016-02-12 01:00:00,0.7408,0.7274,0.7318
928,BRL,2016-02-13 01:00:00,0.7408,0.726,0.7301
929,BRL,2016-02-14 01:00:00,0.7326,0.7262,0.7326
930,BRL,2016-02-15 01:00:00,0.7423,0.7262,0.7373
931,BRL,2016-02-16 01:00:00,0.7428,0.7243,0.7302
932,BRL,2016-02-17 01:00:00,0.7445,0.7229,0.7417
933,BRL,2016-02-18 01:00:00,0.7499,0.7284,0.7367
934,BRL,2016-02-19 01:00:00,0.7403,0.7249,0.7368
935,BRL,2016-02-20 01:00:00,0.7403,0.7249,0.7359
936,BRL,2016-02-21 01:00:00,0.7359,0.732,0.7358
937,BRL,2016-02-22 01:00:00,0.7509,0.7275,0.7466
938,BRL,2016-02-23 01:00:00,0.7487,0.7352,0.7433
939,BRL,2016-02-24 01:00:00,0.7486,0.7328,0.7448
940,BRL,2016-02-25 01:00:00,0.7468,0.7352,0.7411
941,BRL,2016-02-26 01:00:00,0.7485,0.7313,0.7378
942,BRL,2016-02-27 01:00:00,0.7485,0.7313,0.7453
943,BRL,2016-02-28 01:00:00,0.7487,0.7414,0.7487
944,BRL,2016-02-29 01:00:00,0.751,0.7321,0.7377
945,BRL,2016-03-01 01:00:00,0.7544,0.7297,0.7513
946,BRL,2016-03-02 01:00:00,0.7599,0.74,0.7572
947,BRL,2016-03-03 01:00:00,0.7742,0.7455,0.7698
948,BRL,2016-03-04 01:00:00,0.799,0.7608,0.779
949,BRL,2016-03-05 01:00:00,0.799,0.7608,0.779
950,BRL,2016-03-06 01:00:00,0.779,0.774,0.7784
951,BRL,2016-03-07 01:00:00,0.7834,0.7655,0.7743
952,BRL,2016-03-08 01:00:00,0.7812,0.7613,0.7767
953,BRL,2016-03-09 01:00:00,0.7873,0.7827,0.7873
954,BRL,2016-03-10 01:00:00,0.8034,0.7779,0.8012
955,BRL,2016-03-11 01:00:00,0.8068,0.7802,0.8036
956,BRL,2016-03-12 01:00:00,0.8068,0.7802,0.8025
957,BRL,2016-03-13 01:00:00,0.8025,0.796,0.8007
958,BRL,2016-03-14 01:00:00,0.8084,0.7848,0.7898
959,BRL,2016-03-15 01:00:00,0.792,0.7659,0.7721
960,BRL,2016-03-16 01:00:00,0.7849,0.7561,0.7825
961,BRL,2016-03-17 01:00:00,0.7948,0.7573,0.7871
962,BRL,2016-03-18 01:00:00,0.8041,0.7755,0.7928
963,BRL,2016-03-19 01:00:00,0.8041,0.7755,0.7939
964,BRL,2016-03-20 01:00:00,0.7939,0.7876,0.7921
965,BRL,2016-03-21 01:00:00,0.7968,0.7841,0.7932
966,BRL,2016-03-22 01:00:00,0.804,0.7844,0.8018
967,BRL,2016-03-23 01:00:00,0.8057,0.7775,0.7836
968,BRL,2016-03-24 01:00:00,0.7871,0.7717,0.7774
969,BRL,2016-03-25 01:00:00,0.7848,0.7707,0.7814
970,BRL,2016-03-26 01:00:00,0.7848,0.7707,0.7822
971,BRL,2016-03-27 01:00:00,0.783,0.7777,0.783
972,BRL,2016-03-28 00:00:00,0.7942,0.7753,0.7936
973,BRL,2016-03-29 00:00:00,0.7965,0.777,0.7887
974,BRL,2016-03-30 00:00:00,0.7898,0.7742,0.7873
975,BRL,2016-03-31 00:00:00,0.8003,0.7729,0.7874
976,BRL,2016-04-01 00:00:00,0.8022,0.7772,0.7992
977,BRL,2016-04-02 00:00:00,0.8022,0.7772,0.7969
978,BRL,2016-04-03 00:00:00,0.7969,0.7919,0.7966
979,BRL,2016-04-04 00:00:00,0.7977,0.7729,0.7775
980,BRL,2016-04-05 00:00:00,0.7859,0.7637,0.7696
981,BRL,2016-04-06 00:00:00,0.7861,0.7648,0.7846
982,BRL,2016-04-07 00:00:00,0.7874,0.7657,0.7767
983,BRL,2016-04-08 00:00:00,0.7955,0.769,0.7951
984,BRL,2016-04-09 00:00:00,0.7955,0.769,0.7948
985,BRL,2016-04-10 00:00:00,0.7952,0.7902,0.7952
986,BRL,2016-04-11 00:00:00,0.8135,0.7831,0.8107
987,BRL,2016-04-12 00:00:00,0.8188,0.7931,0.8171
988,BRL,2016-04-13 00:00:00,0.8223,0.7969,0.8165
989,BRL,2016-04-14 00:00:00,0.8264,0.8057,0.8229
990,BRL,2016-04-15 00:00:00,0.8264,0.7997,0.8056
991,BRL,2016-04-16 00:00:00,0.8264,0.7997,0.8055
992,BRL,2016-04-17 00:00:00,0.8055,0.7999,0.8047
993,BRL,2016-04-18 00:00:00,0.8246,0.7839,0.7895
994,BRL,2016-04-19 00:00:00,0.8043,0.7795,0.8024
995,BRL,2016-04-20 00:00:00,0.8078,0.7848,0.8002
996,BRL,2016-04-21 00:00:00,0.804,0.7902,0.8029
997,BRL,2016-04-22 00:00:00,0.8065,0.785,0.7971
998,BRL,2016-04-23 00:00:00,0.8065,0.785,0.8005
999,BRL,2016-04-24 00:00:00,0.8005,0.7951,0.8005
1000,BRL,2016-04-25 00:00:00,0.8064,0.7936,0.8028
1001,BRL,2016-04-26 00:00:00,0.8048,0.7933,0.8031
1002,BRL,2016-04-27 00:00:00,0.8067,0.792,0.8028
1003,BRL,2016-04-28 00:00:00,0.8107,0.7935,0.8095
1004,BRL,2016-04-29 00:00:00,0.8163,0.7966,0.8145
1005,BRL,2016-04-30 00:00:00,0.8163,0.7966,0.8148
1006,BRL,2016-05-01 00:00:00,0.8152,0.8098,0.8152
1007,BRL,2016-05-02 00:00:00,0.8171,0.7936,0.8023
1008,BRL,2016-05-03 00:00:00,0.8091,0.7918,0.8009
1009,BRL,2016-05-04 00:00:00,0.8373,0.8091,0.8373
1010,BRL,2016-05-05 00:00:00,0.8411,0.8084,0.8293
1011,BRL,2016-05-06 00:00:00,0.8382,0.8151,0.8338
1012,BRL,2016-05-07 00:00:00,0.8366,0.8316,0.8366
1013,BRL,2016-05-08 00:00:00,0.8376,0.831,0.8367
1014,BRL,2016-05-09 00:00:00,0.8388,0.8327,0.838
1015,BRL,2016-05-10 00:00:00,0.8511,0.8315,0.8481
1016,BRL,2016-05-11 00:00:00,0.8609,0.8412,0.8588
1017,BRL,2016-05-12 00:00:00,0.8491,0.8438,0.8489
1018,BRL,2016-05-13 00:00:00,0.8583,0.8363,0.8422
1019,BRL,2016-05-14 00:00:00,0.8583,0.8363,0.8419
1020,BRL,2016-05-15 00:00:00,0.8437,0.8369,0.8437
1021,BRL,2016-05-16 00:00:00,0.8554,0.8361,0.8513
1022,BRL,2016-05-17 00:00:00,0.8556,0.8387,0.8516
1023,BRL,2016-05-18 00:00:00,0.8586,0.8286,0.8351
1024,BRL,2016-05-19 00:00:00,0.847,0.8229,0.8411
1025,BRL,2016-05-20 00:00:00,0.8486,0.8291,0.8472
1026,BRL,2016-05-21 00:00:00,0.8486,0.8291,0.846
1027,BRL,2016-05-22 00:00:00,0.8467,0.841,0.8467
1028,BRL,2016-05-23 00:00:00,0.8527,0.8305,0.8387
1029,BRL,2016-05-24 00:00:00,0.846,0.8179,0.8275
1030,BRL,2016-05-25 00:00:00,0.8349,0.8091,0.8229
1031,BRL,2016-05-26 00:00:00,0.8285,0.8134,0.8212
1032,BRL,2016-05-27 00:00:00,0.8263,0.8098,0.8199
1033,BRL,2016-05-28 00:00:00,0.8263,0.8098,0.8222
1034,BRL,2016-05-29 00:00:00,0.8222,0.8173,0.8221
1035,BRL,2016-05-30 00:00:00,0.8284,0.8136,0.8281
1036,BRL,2016-05-31 00:00:00,0.8321,0.8085,0.8185
1037,BRL,2016-06-01 00:00:00,0.8282,0.8088,0.8187
1038,BRL,2016-06-02 00:00:00,0.8246,0.8098,0.8201
1039,BRL,2016-06-03 00:00:00,0.8303,0.6576,0.8289
1040,BRL,2016-06-04 00:00:00,0.8303,0.6576,0.8252
1041,BRL,2016-06-05 00:00:00,0.8252,0.8198,0.8247
1042,BRL,2016-06-06 00:00:00,0.836,0.8203,0.8353
1043,BRL,2016-06-07 00:00:00,0.8439,0.8227,0.8436
1044,BRL,2016-06-08 00:00:00,0.8615,0.8342,0.8613
1045,BRL,2016-06-09 00:00:00,0.866,0.8474,0.8533
1046,BRL,2016-06-10 00:00:00,0.8603,0.8422,0.8534
1047,BRL,2016-06-11 00:00:00,0.8603,0.8422,0.8571
1048,BRL,2016-06-12 00:00:00,0.8582,0.8519,0.8582
1049,BRL,2016-06-13 00:00:00,0.8602,0.832,0.8384
1050,BRL,2016-06-14 00:00:00,0.8477,0.8304,0.8422
1051,BRL,2016-06-15 00:00:00,0.8513,0.8338,0.8436
1052,BRL,2016-06-16 00:00:00,0.8541,0.8348,0.8539
1053,BRL,2016-06-17 00:00:00,0.859,0.8362,0.8585
1054,BRL,2016-06-18 00:00:00,0.859,0.8362,0.8581
1055,BRL,2016-06-19 00:00:00,0.8584,0.8528,0.8581
1056,BRL,2016-06-20 00:00:00,0.8619,0.8411,0.8571
1057,BRL,2016-06-21 00:00:00,0.8658,0.848,0.8541
1058,BRL,2016-06-22 00:00:00,0.8627,0.8462,0.8605
1059,BRL,2016-06-23 00:00:00,0.8635,0.8452,0.8635
1060,BRL,2016-06-24 00:00:00,0.9007,0.8449,0.8669
1061,BRL,2016-06-25 00:00:00,0.9007,0.8449,0.8675
1062,BRL,2016-06-26 00:00:00,0.8691,0.8621,0.8691
1063,BRL,2016-06-27 00:00:00,0.8761,0.855,0.866
1064,BRL,2016-06-28 00:00:00,0.8813,0.8536,0.8772
1065,BRL,2016-06-29 00:00:00,0.8995,0.8712,0.8995
1066,BRL,2016-06-30 00:00:00,0.9074,0.8834,0.898
1067,BRL,2016-07-01 00:00:00,0.9055,0.8851,0.8947
1068,BRL,2016-07-02 00:00:00,0.9055,0.8851,0.8978
1069,BRL,2016-07-03 00:00:00,0.9001,0.892,0.9001
1070,BRL,2016-07-04 00:00:00,0.9052,0.8832,0.8895
1071,BRL,2016-07-05 00:00:00,0.8949,0.8772,0.8878
1072,BRL,2016-07-06 00:00:00,0.8963,0.8743,0.8838
1073,BRL,2016-07-07 00:00:00,0.8873,0.86,0.875
1074,BRL,2016-07-08 00:00:00,0.8882,0.858,0.8832
1075,BRL,2016-07-09 00:00:00,0.8882,0.858,0.8789
1076,BRL,2016-07-10 00:00:00,0.8789,0.8711,0.8768
1077,BRL,2016-07-11 00:00:00,0.879,0.8721,0.8778
1078,BRL,2016-07-12 00:00:00,0.879,0.8725,0.8787
1079,BRL,2016-07-13 00:00:00,0.8901,0.8837,0.89
1080,BRL,2016-07-14 00:00:00,0.8898,0.8809,0.8871
1081,BRL,2016-07-15 00:00:00,0.8935,0.8764,0.8835
1082,BRL,2016-07-16 00:00:00,0.9217,0.9157,0.9217
1083,BRL,2016-07-17 00:00:00,0.9217,0.8777,0.9217
1084,BRL,2016-07-18 00:00:00,0.9155,0.8768,0.9119
1085,BRL,2016-07-19 00:00:00,0.9302,0.905,0.9299
1086,BRL,2016-07-20 00:00:00,0.9445,0.9228,0.9336
1087,BRL,2016-07-21 00:00:00,0.9532,0.927,0.9419
1088,BRL,2016-07-22 00:00:00,0.9438,0.9224,0.9417
1089,BRL,2016-07-23 00:00:00,0.9443,0.9224,0.944
1090,BRL,2016-07-24 00:00:00,0.9452,0.9374,0.944
1091,BRL,2016-07-25 00:00:00,0.9457,0.9165,0.9249
1092,BRL,2016-07-26 00:00:00,0.9341,0.9157,0.9309
1093,BRL,2016-07-27 00:00:00,0.9356,0.9153,0.9306
1094,BRL,2016-07-28 00:00:00,0.9312,0.9099,0.9179
1095,BRL,2016-07-29 00:00:00,0.9289,0.9112,0.9222
1096,BRL,2016-07-30 00:00:00,0.9289,0.9112,0.9212
1097,BRL,2016-07-31 00:00:00,0.9214,0.9149,0.9214
1098,BRL,2016-08-01 00:00:00,0.9253,0.909,0.9177
1099,BRL,2016-08-02 00:00:00,0.9201,0.9126,0.9192
1100,BRL,2016-08-03 00:00:00,0.9338,0.9261,0.9327
1101,BRL,2016-08-04 00:00:00,0.9478,0.9385,0.9463
1102,BRL,2016-08-05 00:00:00,0.9554,0.9349,0.9553
1103,BRL,2016-08-06 00:00:00,0.9554,0.9349,0.9499
1104,BRL,2016-08-07 00:00:00,0.954,0.9431,0.9496
1105,BRL,2016-08-08 00:00:00,0.9434,0.9357,0.943
1106,BRL,2016-08-09 00:00:00,0.9462,0.9378,0.9462
1107,BRL,2016-08-10 00:00:00,0.9488,0.9403,0.9476
1108,BRL,2016-08-11 00:00:00,0.9444,0.9358,0.944
1109,BRL,2016-08-12 00:00:00,0.9465,0.9206,0.9274
1110,BRL,2016-08-13 00:00:00,0.9292,0.9228,0.9292
1111,BRL,2016-08-14 00:00:00,0.9296,0.9211,0.9274
1112,BRL,2016-08-15 00:00:00,0.928,0.9186,0.9249
1113,BRL,2016-08-16 00:00:00,0.9288,0.9123,0.919
1114,BRL,2016-08-17 00:00:00,0.9243,0.9038,0.9172
1115,BRL,2016-08-18 00:00:00,0.9186,0.8993,0.9073
1116,BRL,2016-08-19 00:00:00,0.9171,0.8997,0.9165
1117,BRL,2016-08-20 00:00:00,0.9171,0.8997,0.9165
1118,BRL,2016-08-21 00:00:00,0.9165,0.9101,0.9162
1119,BRL,2016-08-22 00:00:00,0.9236,0.9033,0.9227
1120,BRL,2016-08-23 00:00:00,0.9231,0.904,0.9105
1121,BRL,2016-08-24 00:00:00,0.92,0.9026,0.9171
1122,BRL,2016-08-25 00:00:00,0.9186,0.9049,0.9123
1123,BRL,2016-08-26 00:00:00,0.9224,0.8921,0.9004
1124,BRL,2016-08-27 00:00:00,0.9224,0.8921,0.906
1125,BRL,2016-08-28 00:00:00,0.9069,0.8998,0.906
1126,BRL,2016-08-29 00:00:00,0.917,0.9098,0.917
1127,BRL,2016-08-30 00:00:00,0.9196,0.9095,0.9196
1128,BRL,2016-08-31 00:00:00,0.9217,0.9029,0.9184
1129,BRL,2016-09-01 00:00:00,0.9263,0.9047,0.9114
1130,BRL,2016-09-02 00:00:00,0.9173,0.9001,0.9097
1131,BRL,2016-09-03 00:00:00,0.9173,0.9001,0.9082
1132,BRL,2016-09-04 00:00:00,0.9082,0.9019,0.9078
1133,BRL,2016-09-05 00:00:00,0.9009,0.8939,0.9009
1134,BRL,2016-09-06 00:00:00,0.9203,0.8927,0.9194
1135,BRL,2016-09-07 00:00:00,0.9206,0.909,0.9206
1136,BRL,2016-09-08 00:00:00,0.9286,0.909,0.9166
1137,BRL,2016-09-09 00:00:00,0.9239,0.899,0.9081
1138,BRL,2016-09-10 00:00:00,0.9239,0.899,0.9081
1139,BRL,2016-09-11 00:00:00,0.9104,0.9025,0.9095
1140,BRL,2016-09-12 00:00:00,0.918,0.9092,0.918
1141,BRL,2016-09-13 00:00:00,0.9025,0.895,0.9022
1142,BRL,2016-09-14 00:00:00,0.8939,0.887,0.893
1143,BRL,2016-09-15 00:00:00,0.9015,0.894,0.9014
1144,BRL,2016-09-16 00:00:00,0.9159,0.8908,0.9159
1145,BRL,2016-09-17 00:00:00,0.9168,0.8908,0.9165
1146,BRL,2016-09-18 00:00:00,0.9175,0.9099,0.9163
1147,BRL,2016-09-19 00:00:00,0.9176,0.9036,0.912
1148,BRL,2016-09-20 00:00:00,0.9186,0.9019,0.9154
1149,BRL,2016-09-21 00:00:00,0.9311,0.9085,0.93
1150,BRL,2016-09-22 00:00:00,0.9169,0.91,0.9165
1151,BRL,2016-09-23 00:00:00,0.9235,0.9054,0.9136
1152,BRL,2016-09-24 00:00:00,0.918,0.9115,0.918
1153,BRL,2016-09-25 00:00:00,0.9266,0.9179,0.9249
1154,BRL,2016-09-26 00:00:00,0.9224,0.9153,0.9216
1155,BRL,2016-09-27 00:00:00,0.9244,0.9168,0.9233
1156,BRL,2016-09-28 00:00:00,0.9292,0.9212,0.9284
1157,BRL,2016-09-29 00:00:00,0.9224,0.9148,0.9215
1158,BRL,2016-09-30 00:00:00,0.9301,0.9146,0.9217
1159,BRL,2016-10-01 00:00:00,0.9301,0.9146,0.9223
1160,BRL,2016-10-02 00:00:00,0.9237,0.9162,0.9227
1161,BRL,2016-10-03 00:00:00,0.9439,0.9366,0.9432
1162,BRL,2016-10-04 00:00:00,0.9416,0.932,0.941
1163,BRL,2016-10-05 00:00:00,0.9543,0.9471,0.9543
1164,BRL,2016-10-06 00:00:00,0.9481,0.9388,0.945
1165,BRL,2016-10-07 00:00:00,0.9545,0.9362,0.9496
1166,BRL,2016-10-08 00:00:00,0.9545,0.9362,0.9499
1167,BRL,2016-10-09 00:00:00,0.9499,0.9432,0.9493
1168,BRL,2016-10-10 00:00:00,0.9627,0.9409,0.9601
1169,BRL,2016-10-11 00:00:00,0.9683,0.951,0.9673
1170,BRL,2016-10-12 00:00:00,0.9707,0.9545,0.9668
1171,BRL,2016-10-13 00:00:00,0.9768,0.9577,0.976
1172,BRL,2016-10-14 00:00:00,0.978,0.9564,0.9632
1173,BRL,2016-10-15 00:00:00,0.978,0.9564,0.9667
1174,BRL,2016-10-16 00:00:00,0.9666,0.9583,0.9659
1175,BRL,2016-10-17 00:00:00,0.9705,0.9627,0.97
1176,BRL,2016-10-18 00:00:00,0.9763,0.9689,0.9756
1177,BRL,2016-10-19 00:00:00,0.973,0.9659,0.9729
1178,BRL,2016-10-20 00:00:00,0.9761,0.9688,0.9761
1179,BRL,2016-10-21 00:00:00,0.9847,0.9639,0.9813
1180,BRL,2016-10-22 00:00:00,0.9847,0.9639,0.9804
1181,BRL,2016-10-23 00:00:00,0.9804,0.9735,0.98
1182,BRL,2016-10-24 00:00:00,0.9901,0.9706,0.9873
1183,BRL,2016-10-25 00:00:00,0.9952,0.9791,0.9925
1184,BRL,2016-10-26 00:00:00,0.9943,0.9748,0.9851
1185,BRL,2016-10-27 00:00:00,0.9929,0.9746,0.9819
1186,BRL,2016-10-28 00:00:00,0.9911,0.9664,0.9731
1187,BRL,2016-10-30 00:00:00,0.9731,0.9642,0.9705
1188,BRL,2016-10-31 00:00:00,0.9834,0.9633,0.9755
1189,BRL,2016-11-01 00:00:00,0.9777,0.9525,0.9638
1190,BRL,2016-11-02 00:00:00,0.9671,0.9577,0.9645
1191,BRL,2016-11-03 00:00:00,0.9625,0.9533,0.9601
1192,BRL,2016-11-04 00:00:00,0.9851,0.9495,0.9804
1193,BRL,2016-11-05 00:00:00,0.9851,0.9495,0.9764
1194,BRL,2016-11-06 00:00:00,0.9786,0.9697,0.9768
1195,BRL,2016-11-07 00:00:00,0.9931,0.984,0.993
1196,BRL,2016-11-08 00:00:00,1.0037,0.9928,1.0
1197,BRL,2016-11-09 00:00:00,1.0017,0.9943,1.0016
1198,BRL,2016-11-10 00:00:00,1.0039,0.9513,0.96
1199,BRL,2016-11-11 00:00:00,0.9674,0.9245,0.9615
1200,BRL,2016-11-12 00:00:00,0.9674,0.9245,0.9615
1201,BRL,2016-11-13 00:00:00,0.9615,0.9556,0.9615
1202,BRL,2016-11-14 00:00:00,0.9575,0.9509,0.9572
1203,BRL,2016-11-15 00:00:00,0.9588,0.9524,0.9585
1204,BRL,2016-11-16 00:00:00,0.9744,0.9675,0.9741
1205,BRL,2016-11-17 00:00:00,0.9909,0.9748,0.9909
1206,BRL,2016-11-18 00:00:00,1.0036,0.9716,0.9974
1207,BRL,2016-11-19 00:00:00,1.0036,0.9716,0.9961
1208,BRL,2016-11-20 00:00:00,0.9978,0.99,0.9978
1209,BRL,2016-11-21 00:00:00,1.008,0.9995,1.008
1210,BRL,2016-11-22 00:00:00,1.011,1.003,1.011
1211,BRL,2016-11-23 00:00:00,1.015,0.9916,1.009
1212,BRL,2016-11-24 00:00:00,1.015,0.9776,1.012
1213,BRL,2016-11-25 00:00:00,1.028,0.9896,1.011
1214,BRL,2016-11-27 00:00:00,1.011,1.003,1.009
1215,BRL,2016-11-28 00:00:00,1.017,0.9916,1.016
1216,BRL,2016-11-29 00:00:00,1.016,0.9972,1.01
1217,BRL,2016-11-30 00:00:00,1.019,0.9826,1.017
1218,BRL,2016-12-01 00:00:00,1.027,1.0,1.009
1219,BRL,2016-12-02 00:00:00,1.031,0.9707,1.022
1220,BRL,2016-12-03 00:00:00,1.031,0.9707,1.02
1221,BRL,2016-12-04 00:00:00,1.02,1.012,1.02
1222,BRL,2016-12-05 00:00:00,1.037,1.006,1.035
1223,BRL,2016-12-06 00:00:00,1.037,0.9996,1.018
1224,BRL,2016-12-07 00:00:00,1.018,0.9918,1.008
1225,BRL,2016-12-08 00:00:00,1.026,0.9839,1.025
1226,BRL,2016-12-09 00:00:00,1.039,1.01,1.032
1227,BRL,2016-12-10 00:00:00,1.039,1.01,1.034
1228,BRL,2016-12-11 00:00:00,1.035,1.027,1.035
1229,BRL,2016-12-12 00:00:00,1.054,1.025,1.049
1230,BRL,2016-12-13 00:00:00,1.053,1.032,1.047
1231,BRL,2016-12-14 00:00:00,1.06,1.028,1.035
1232,BRL,2016-12-15 00:00:00,1.045,1.038,1.044
1233,BRL,2016-12-16 00:00:00,1.049,1.024,1.035
1234,BRL,2016-12-17 00:00:00,1.049,1.024,1.037
1235,BRL,2016-12-18 00:00:00,1.037,1.029,1.037
1236,BRL,2016-12-19 00:00:00,1.045,1.022,1.043
1237,BRL,2016-12-20 00:00:00,1.058,1.037,1.053
1238,BRL,2016-12-21 00:00:00,1.058,1.05,1.058
1239,BRL,2016-12-22 00:00:00,1.073,1.044,1.072
1240,BRL,2016-12-23 00:00:00,1.081,1.062,1.078
1241,BRL,2016-12-24 00:00:00,1.081,1.062,1.077
1242,BRL,2016-12-25 00:00:00,1.079,1.07,1.079
1243,BRL,2016-12-26 00:00:00,1.084,1.065,1.072
1244,BRL,2016-12-27 00:00:00,1.081,1.066,1.08
1245,BRL,2016-12-28 00:00:00,1.088,1.072,1.084
1246,BRL,2016-12-29 00:00:00,1.092,1.071,1.088
1247,BRL,2016-12-30 00:00:00,1.093,1.072,1.086
1248,BRL,2017-01-01 00:00:00,1.088,1.079,1.086
1249,BRL,2017-01-02 00:00:00,1.092,1.072,1.08
1250,BRL,2017-01-03 00:00:00,1.108,1.072,1.102
1251,BRL,2017-01-04 00:00:00,1.117,1.09,1.116
1252,BRL,2017-01-05 00:00:00,1.138,1.102,1.136
1253,BRL,2017-01-06 00:00:00,1.138,1.118,1.127
1254,BRL,2017-01-07 00:00:00,1.138,1.118,1.132
1255,BRL,2017-01-08 00:00:00,1.135,1.125,1.135
1256,BRL,2017-01-09 00:00:00,1.173,1.123,1.17
1257,BRL,2017-01-10 00:00:00,1.19,1.156,1.185
1258,BRL,2017-01-11 00:00:00,1.227,1.177,1.221
1259,BRL,2017-01-12 00:00:00,1.233,1.183,1.193
1260,BRL,2017-01-13 00:00:00,1.204,1.171,1.179
1261,BRL,2017-01-14 00:00:00,1.204,1.152,1.16
1262,BRL,2017-01-15 00:00:00,1.16,1.152,1.16
1263,BRL,2017-01-16 00:00:00,1.179,1.151,1.167
1264,BRL,2017-01-17 00:00:00,1.189,1.157,1.18
1265,BRL,2017-01-18 00:00:00,1.184,1.165,1.173
1266,BRL,2017-01-19 00:00:00,1.201,1.193,1.201
1267,BRL,2017-01-20 00:00:00,1.207,1.187,1.207
1268,BRL,2017-01-21 00:00:00,1.207,1.184,1.193
1269,BRL,2017-01-23 00:00:00,1.202,1.181,1.197
1270,BRL,2017-01-24 00:00:00,1.21,1.177,1.19
1271,BRL,2017-01-25 00:00:00,1.215,1.2,1.215
1272,BRL,2017-01-26 00:00:00,1.224,1.197,1.219
1273,BRL,2017-01-27 00:00:00,1.237,1.204,1.237
1274,BRL,2017-01-28 00:00:00,1.239,1.204,1.239
1275,BRL,2017-01-29 00:00:00,1.239,1.225,1.235
1276,BRL,2017-01-30 00:00:00,1.239,1.202,1.222
1277,BRL,2017-01-31 00:00:00,1.224,1.196,1.206
1278,BRL,2017-02-01 00:00:00,1.211,1.189,1.21
1279,BRL,2017-02-02 00:00:00,1.21,1.185,1.198
1280,BRL,2017-02-03 00:00:00,1.207,1.18,1.194
1281,BRL,2017-02-04 00:00:00,1.207,1.18,1.189
1282,BRL,2017-02-05 00:00:00,1.19,1.182,1.19
1283,BRL,2017-02-06 00:00:00,1.192,1.171,1.187
1284,BRL,2017-02-07 00:00:00,1.202,1.172,1.201
1285,BRL,2017-02-08 00:00:00,1.209,1.184,1.198
1286,BRL,2017-02-09 00:00:00,1.199,1.171,1.18
1287,BRL,2017-02-10 00:00:00,1.196,1.165,1.195
1288,BRL,2017-02-11 00:00:00,1.196,1.165,1.192
1289,BRL,2017-02-12 00:00:00,1.192,1.183,1.192
1290,BRL,2017-02-13 00:00:00,1.192,1.175,1.186
1291,BRL,2017-02-14 00:00:00,1.19,1.163,1.187
1292,BRL,2017-02-15 00:00:00,1.211,1.175,1.21
1293,BRL,2017-02-16 00:00:00,1.212,1.18,1.189
1294,BRL,2017-02-17 00:00:00,1.196,1.166,1.177
1295,BRL,2017-02-18 00:00:00,1.196,1.165,1.174
1296,BRL,2017-02-19 00:00:00,1.174,1.165,1.173
1297,BRL,2017-02-20 00:00:00,1.181,1.159,1.178
1298,BRL,2017-02-21 00:00:00,1.182,1.162,1.176
1299,BRL,2017-02-22 00:00:00,1.18,1.16,1.179
1300,BRL,2017-02-23 00:00:00,1.181,1.155,1.167
1301,BRL,2017-02-24 00:00:00,1.177,1.145,1.156
1302,BRL,2017-02-25 00:00:00,1.177,1.145,1.16
1303,BRL,2017-02-26 00:00:00,1.163,1.152,1.163
1304,BRL,2017-02-27 00:00:00,1.163,1.146,1.158
1305,BRL,2017-02-28 00:00:00,1.17,1.15,1.167
1306,BRL,2017-03-01 00:00:00,1.19,1.159,1.189
1307,BRL,2017-03-02 00:00:00,1.203,1.17,1.179
1308,BRL,2017-03-03 00:00:00,1.2,1.169,1.198
1309,BRL,2017-03-04 00:00:00,1.2,1.169,1.191
1310,BRL,2017-03-05 00:00:00,1.192,1.183,1.191
1311,BRL,2017-03-06 00:00:00,1.201,1.178,1.186
1312,BRL,2017-03-07 00:00:00,1.188,1.166,1.182
1313,BRL,2017-03-08 00:00:00,1.199,1.171,1.181
1314,BRL,2017-03-09 00:00:00,1.195,1.167,1.176
1315,BRL,2017-03-10 00:00:00,1.193,1.163,1.192
1316,BRL,2017-03-11 00:00:00,1.193,1.163,1.191
1317,BRL,2017-03-13 00:00:00,1.204,1.18,1.191
1318,BRL,2017-03-14 00:00:00,1.197,1.174,1.186
1319,BRL,2017-03-15 00:00:00,1.206,1.165,1.203
1320,BRL,2017-03-16 00:00:00,1.203,1.16,1.171
1321,BRL,2017-03-17 00:00:00,1.176,1.147,1.174
1322,BRL,2017-03-18 00:00:00,1.18,1.147,1.18
1323,BRL,2017-03-20 00:00:00,1.187,1.161,1.185
1324,BRL,2017-03-21 00:00:00,1.189,1.159,1.17
1325,BRL,2017-03-22 00:00:00,1.184,1.161,1.176
1326,BRL,2017-03-23 00:00:00,1.185,1.147,1.157
1327,BRL,2017-03-24 00:00:00,1.169,1.139,1.168
1328,BRL,2017-03-25 00:00:00,1.169,1.139,1.166
1329,BRL,2017-03-26 00:00:00,1.166,1.157,1.165
1330,BRL,2017-03-27 00:00:00,1.169,1.144,1.162
1331,BRL,2017-03-28 00:00:00,1.17,1.148,1.157
1332,BRL,2017-03-29 00:00:00,1.173,1.147,1.171
1333,BRL,2017-03-30 00:00:00,1.175,1.148,1.157
1334,BRL,2017-03-31 00:00:00,1.164,1.148,1.164
1335,BRL,2017-04-01 00:00:00,1.17,1.139,1.167
1336,BRL,2017-04-02 00:00:00,1.168,1.159,1.168
1337,BRL,2017-04-03 00:00:00,1.179,1.153,1.171
1338,BRL,2017-04-04 00:00:00,1.187,1.155,1.186
1339,BRL,2017-04-05 00:00:00,1.202,1.176,1.184
1340,BRL,2017-04-06 00:00:00,1.198,1.172,1.182
1341,BRL,2017-04-07 00:00:00,1.197,1.172,1.186
1342,BRL,2017-04-08 00:00:00,1.197,1.172,1.187
1343,BRL,2017-04-09 00:00:00,1.188,1.179,1.187
1344,BRL,2017-04-10 00:00:00,1.195,1.171,1.193
1345,BRL,2017-04-11 00:00:00,1.198,1.173,1.187
1346,BRL,2017-04-12 00:00:00,1.187,1.155,1.174
1347,BRL,2017-04-13 00:00:00,1.183,1.161,1.171
1348,BRL,2017-04-14 00:00:00,1.179,1.16,1.176
1349,BRL,2017-04-15 00:00:00,1.18,1.16,1.173
1350,BRL,2017-04-16 00:00:00,1.191,1.166,1.191
1351,BRL,2017-04-17 00:00:00,1.187,1.149,1.185
1352,BRL,2017-04-18 00:00:00,1.203,1.175,1.189
1353,BRL,2017-04-19 00:00:00,1.189,1.158,1.167
1354,BRL,2017-04-20 00:00:00,1.171,1.143,1.16
1355,BRL,2017-04-21 00:00:00,1.164,1.15,1.161
1356,BRL,2017-04-22 00:00:00,1.164,1.15,1.16
1357,BRL,2017-04-23 00:00:00,1.16,1.151,1.159
1358,BRL,2017-04-24 00:00:00,1.163,1.131,1.152
1359,BRL,2017-04-25 00:00:00,1.159,1.129,1.145
1360,BRL,2017-04-26 00:00:00,1.147,1.112,1.131
1361,BRL,2017-04-27 00:00:00,1.134,1.113,1.123
1362,BRL,2017-04-28 00:00:00,1.128,1.1,1.12
1363,BRL,2017-04-29 00:00:00,1.128,1.1,1.122
1364,BRL,2017-04-30 00:00:00,1.122,1.113,1.12
1365,BRL,2017-05-01 00:00:00,1.123,1.113,1.122
1366,BRL,2017-05-02 00:00:00,1.126,1.103,1.125
1367,BRL,2017-05-03 00:00:00,1.132,1.109,1.118
1368,BRL,2017-05-04 00:00:00,1.136,1.108,1.119
1369,BRL,2017-05-05 00:00:00,1.125,1.105,1.12
1370,BRL,2017-05-06 00:00:00,1.125,1.105,1.12
1371,BRL,2017-05-07 00:00:00,1.12,1.111,1.12
1372,BRL,2017-05-08 00:00:00,1.124,1.106,1.118
1373,BRL,2017-05-09 00:00:00,1.135,1.11,1.13
1374,BRL,2017-05-10 00:00:00,1.141,1.12,1.136
1375,BRL,2017-05-11 00:00:00,1.144,1.122,1.143
1376,BRL,2017-05-12 00:00:00,1.15,1.133,1.148
1377,BRL,2017-05-13 00:00:00,1.15,1.133,1.148
1378,BRL,2017-05-14 00:00:00,1.148,1.139,1.148
1379,BRL,2017-05-15 00:00:00,1.152,1.132,1.146
1380,BRL,2017-05-16 00:00:00,1.154,1.133,1.151
1381,BRL,2017-05-17 00:00:00,1.156,1.13,1.137
1382,BRL,2017-05-18 00:00:00,1.161,1.053,1.07
1383,BRL,2017-05-19 00:00:00,1.104,1.058,1.102
1384,BRL,2017-05-20 00:00:00,1.104,1.058,1.102
1385,BRL,2017-05-21 00:00:00,1.102,1.094,1.101
1386,BRL,2017-05-22 00:00:00,1.108,1.07,1.093
1387,BRL,2017-05-23 00:00:00,1.099,1.08,1.092
1388,BRL,2017-05-24 00:00:00,1.1,1.08,1.09
1389,BRL,2017-05-25 00:00:00,1.095,1.076,1.092
1390,BRL,2017-05-26 00:00:00,1.1,1.079,1.098
1391,BRL,2017-05-27 00:00:00,1.1,1.079,1.099
1392,BRL,2017-05-28 00:00:00,1.101,1.091,1.101
1393,BRL,2017-05-29 00:00:00,1.103,1.087,1.1
1394,BRL,2017-05-30 00:00:00,1.105,1.082,1.094
1395,BRL,2017-05-31 00:00:00,1.101,1.078,1.1
1396,BRL,2017-06-01 00:00:00,1.104,1.084,1.093
1397,BRL,2017-06-02 00:00:00,1.095,1.074,1.085
1398,BRL,2017-06-03 00:00:00,1.095,1.074,1.084
1399,BRL,2017-06-04 00:00:00,1.084,1.076,1.084
1400,BRL,2017-06-05 00:00:00,1.088,1.066,1.073
1401,BRL,2017-06-06 00:00:00,1.079,1.063,1.077
1402,BRL,2017-06-07 00:00:00,1.088,1.067,1.082
1403,BRL,2017-06-08 00:00:00,1.091,1.07,1.087
1404,BRL,2017-06-09 00:00:00,1.087,1.068,1.076
1405,BRL,2017-06-10 00:00:00,1.087,1.068,1.076
1406,BRL,2017-06-11 00:00:00,1.076,1.068,1.075
1407,BRL,2017-06-12 00:00:00,1.078,1.055,1.065
1408,BRL,2017-06-13 00:00:00,1.072,1.053,1.066
1409,BRL,2017-06-14 00:00:00,1.071,1.052,1.069
1410,BRL,2017-06-15 00:00:00,1.08,1.06,1.078
1411,BRL,2017-06-16 00:00:00,1.082,1.061,1.071
1412,BRL,2017-06-17 00:00:00,1.082,1.061,1.069
1413,BRL,2017-06-18 00:00:00,1.069,1.06,1.069
1414,BRL,2017-06-19 00:00:00,1.075,1.057,1.074
1415,BRL,2017-06-20 00:00:00,1.081,1.056,1.067
1416,BRL,2017-06-21 00:00:00,1.07,1.054,1.061
1417,BRL,2017-06-22 00:00:00,1.063,1.047,1.056
1418,BRL,2017-06-23 00:00:00,1.058,1.044,1.053
1419,BRL,2017-06-24 00:00:00,1.058,1.044,1.054
1420,BRL,2017-06-25 00:00:00,1.054,1.046,1.053
1421,BRL,2017-06-26 00:00:00,1.068,1.041,1.065
1422,BRL,2017-06-27 00:00:00,1.069,1.05,1.067
1423,BRL,2017-06-28 00:00:00,1.076,1.056,1.076
1424,BRL,2017-06-29 00:00:00,1.078,1.057,1.068
1425,BRL,2017-06-30 00:00:00,1.073,1.058,1.067
1426,BRL,2017-07-01 00:00:00,1.073,1.058,1.068
1427,BRL,2017-07-02 00:00:00,1.068,1.06,1.067
1428,BRL,2017-07-03 00:00:00,1.081,1.06,1.08
1429,BRL,2017-07-04 00:00:00,1.082,1.07,1.078
1430,BRL,2017-07-05 00:00:00,1.098,1.069,1.098
1431,BRL,2017-07-06 00:00:00,1.11,1.087,1.102
1432,BRL,2017-07-07 00:00:00,1.112,1.094,1.108
1433,BRL,2017-07-08 00:00:00,1.112,1.094,1.106
1434,BRL,2017-07-09 00:00:00,1.106,1.098,1.105
1435,BRL,2017-07-10 00:00:00,1.111,1.093,1.111
1436,BRL,2017-07-11 00:00:00,1.123,1.104,1.117
1437,BRL,2017-07-12 00:00:00,1.12,1.1,1.119
1438,BRL,2017-07-13 00:00:00,1.119,1.105,1.116
1439,BRL,2017-07-14 00:00:00,1.117,1.101,1.116
1440,BRL,2017-07-15 00:00:00,1.117,1.101,1.116
1441,BRL,2017-07-16 00:00:00,1.116,1.108,1.115
1442,BRL,2017-07-17 00:00:00,1.119,1.104,1.112
1443,BRL,2017-07-18 00:00:00,1.122,1.102,1.121
1444,BRL,2017-07-19 00:00:00,1.126,1.108,1.122
1445,BRL,2017-07-20 00:00:00,1.134,1.113,1.134
1446,BRL,2017-07-21 00:00:00,1.137,1.118,1.127
1447,BRL,2017-07-22 00:00:00,1.137,1.118,1.127
1448,BRL,2017-07-24 00:00:00,1.137,1.118,1.131
1449,BRL,2017-07-25 00:00:00,1.137,1.117,1.125
1450,BRL,2017-07-26 00:00:00,1.136,1.114,1.135
1451,BRL,2017-07-27 00:00:00,1.135,1.113,1.124
1452,BRL,2017-07-28 00:00:00,1.131,1.113,1.13
1453,BRL,2017-07-29 00:00:00,1.131,1.113,1.129
1454,BRL,2017-07-31 00:00:00,1.134,1.111,1.13
1455,BRL,2017-08-01 00:00:00,1.135,1.119,1.128
1456,BRL,2017-08-02 00:00:00,1.138,1.12,1.138
1457,BRL,2017-08-03 00:00:00,1.143,1.127,1.138
1458,BRL,2017-08-04 00:00:00,1.142,1.124,1.132
1459,BRL,2017-08-05 00:00:00,1.142,1.121,1.129
1460,BRL,2017-08-06 00:00:00,1.13,1.121,1.129
1461,BRL,2017-08-07 00:00:00,1.134,1.122,1.132
1462,BRL,2017-08-08 00:00:00,1.134,1.121,1.133
1463,BRL,2017-08-09 00:00:00,1.138,1.117,1.125
1464,BRL,2017-08-10 00:00:00,1.127,1.108,1.116
1465,BRL,2017-08-11 00:00:00,1.124,1.094,1.11
1466,BRL,2017-08-12 00:00:00,1.124,1.094,1.109
1467,BRL,2017-08-13 00:00:00,1.109,1.101,1.109
1468,BRL,2017-08-14 00:00:00,1.115,1.097,1.109
1469,BRL,2017-08-15 00:00:00,1.121,1.098,1.12
1470,BRL,2017-08-16 00:00:00,1.124,1.103,1.122
1471,BRL,2017-08-17 00:00:00,1.122,1.101,1.111
1472,BRL,2017-08-18 00:00:00,1.123,1.102,1.121
1473,BRL,2017-08-19 00:00:00,1.123,1.102,1.12
1474,BRL,2017-08-20 00:00:00,1.121,1.112,1.121
1475,BRL,2017-08-21 00:00:00,1.123,1.099,1.109
1476,BRL,2017-08-22 00:00:00,1.115,1.094,1.109
1477,BRL,2017-08-23 00:00:00,1.119,1.1,1.116
1478,BRL,2017-08-24 00:00:00,1.116,1.1,1.109
1479,BRL,2017-08-25 00:00:00,1.113,1.089,1.097
1480,BRL,2017-08-26 00:00:00,1.113,1.085,1.092
1481,BRL,2017-08-27 00:00:00,1.092,1.083,1.091
1482,BRL,2017-08-28 00:00:00,1.098,1.083,1.092
1483,BRL,2017-08-29 00:00:00,1.095,1.079,1.09
1484,BRL,2017-08-30 00:00:00,1.095,1.076,1.094
1485,BRL,2017-08-31 00:00:00,1.106,1.085,1.102
1486,BRL,2017-09-01 00:00:00,1.109,1.084,1.095
1487,BRL,2017-09-02 00:00:00,1.109,1.084,1.105
1488,BRL,2017-09-03 00:00:00,1.105,1.088,1.095
1489,BRL,2017-09-04 00:00:00,1.107,1.086,1.097
1490,BRL,2017-09-05 00:00:00,1.109,1.086,1.104
1491,BRL,2017-09-06 00:00:00,1.112,1.096,1.111
1492,BRL,2017-09-07 00:00:00,1.112,1.094,1.104
1493,BRL,2017-09-08 00:00:00,1.11,1.093,1.108
1494,BRL,2017-09-09 00:00:00,1.11,1.093,1.109
1495,BRL,2017-09-10 00:00:00,1.109,1.1,1.108
1496,BRL,2017-09-11 00:00:00,1.109,1.091,1.1
1497,BRL,2017-09-12 00:00:00,1.113,1.092,1.103
1498,BRL,2017-09-13 00:00:00,1.106,1.092,1.103
1499,BRL,2017-09-14 00:00:00,1.111,1.094,1.109
1500,BRL,2017-09-15 00:00:00,1.109,1.093,1.109
1501,BRL,2017-09-16 00:00:00,1.109,1.093,1.108
1502,BRL,2017-09-17 00:00:00,1.109,1.1,1.109
1503,BRL,2017-09-18 00:00:00,1.117,1.1,1.109
1504,BRL,2017-09-19 00:00:00,1.121,1.103,1.119
1505,BRL,2017-09-20 00:00:00,1.119,1.1,1.11
1506,BRL,2017-09-21 00:00:00,1.127,1.104,1.122
1507,BRL,2017-09-22 00:00:00,1.123,1.105,1.122
1508,BRL,2017-09-23 00:00:00,1.123,1.105,1.122
1509,BRL,2017-09-24 00:00:00,1.122,1.114,1.121
1510,BRL,2017-09-25 00:00:00,1.136,1.114,1.122
1511,BRL,2017-09-26 00:00:00,1.129,1.108,1.123
1512,BRL,2017-09-27 00:00:00,1.138,1.112,1.122
1513,BRL,2017-09-28 00:00:00,1.13,1.107,1.122
1514,BRL,2017-09-29 00:00:00,1.129,1.106,1.124
1515,BRL,2017-09-30 00:00:00,1.129,1.106,1.126
1516,BRL,2017-10-01 00:00:00,1.129,1.119,1.129
1517,BRL,2017-10-02 00:00:00,1.137,1.113,1.134
1518,BRL,2017-10-03 00:00:00,1.145,1.125,1.141
1519,BRL,2017-10-04 00:00:00,1.148,1.124,1.144
1520,BRL,2017-10-05 00:00:00,1.146,1.126,1.134
1521,BRL,2017-10-06 00:00:00,1.149,1.127,1.149
1522,BRL,2017-10-07 00:00:00,1.149,1.127,1.146
1523,BRL,2017-10-08 00:00:00,1.148,1.139,1.148
1524,BRL,2017-10-09 00:00:00,1.211,1.139,1.171
1525,BRL,2017-10-10 00:00:00,1.171,1.148,1.158
1526,BRL,2017-10-11 00:00:00,1.171,1.146,1.158
1527,BRL,2017-10-12 00:00:00,1.16,1.14,1.157
1528,BRL,2017-10-13 00:00:00,1.159,1.144,1.159
1529,BRL,2017-10-14 00:00:00,1.159,1.144,1.158
1530,BRL,2017-10-15 00:00:00,1.158,1.15,1.158
1531,BRL,2017-10-16 00:00:00,1.164,1.142,1.15
1532,BRL,2017-10-17 00:00:00,1.164,1.142,1.164
1533,BRL,2017-10-18 00:00:00,1.17,1.151,1.162
1534,BRL,2017-10-19 00:00:00,1.163,1.147,1.158
1535,BRL,2017-10-20 00:00:00,1.166,1.145,1.154
1536,BRL,2017-10-21 00:00:00,1.166,1.145,1.152
1537,BRL,2017-10-23 00:00:00,1.166,1.139,1.146
1538,BRL,2017-10-24 00:00:00,1.154,1.136,1.152
1539,BRL,2017-10-25 00:00:00,1.157,1.139,1.156
1540,BRL,2017-10-26 00:00:00,1.174,1.142,1.151
1541,BRL,2017-10-27 00:00:00,1.179,1.144,1.178
1542,BRL,2017-10-28 00:00:00,1.179,1.144,1.171
1543,BRL,2017-10-29 00:00:00,1.174,1.163,1.174
1544,BRL,2017-10-30 00:00:00,1.175,1.146,1.153
1545,BRL,2017-10-31 00:00:00,1.167,1.141,1.166
1546,BRL,2017-11-01 00:00:00,1.174,1.153,1.17
1547,BRL,2017-11-02 00:00:00,1.173,1.157,1.169
1548,BRL,2017-11-03 00:00:00,1.186,1.153,1.167
1549,BRL,2017-11-04 00:00:00,1.186,1.153,1.172
1550,BRL,2017-11-05 00:00:00,1.175,1.165,1.175
1551,BRL,2017-11-06 00:00:00,1.195,1.157,1.194
1552,BRL,2017-11-07 00:00:00,1.193,1.169,1.182
1553,BRL,2017-11-08 00:00:00,1.201,1.175,1.194
1554,BRL,2017-11-09 00:00:00,1.196,1.173,1.191
1555,BRL,2017-11-10 00:00:00,1.196,1.17,1.181
1556,BRL,2017-11-11 00:00:00,1.196,1.17,1.182
1557,BRL,2017-11-12 00:00:00,1.183,1.173,1.182
1558,BRL,2017-11-13 00:00:00,1.188,1.169,1.187
1559,BRL,2017-11-14 00:00:00,1.187,1.163,1.172
1560,BRL,2017-11-15 00:00:00,1.181,1.163,1.171
1561,BRL,2017-11-16 00:00:00,1.184,1.157,1.182
1562,BRL,2017-11-17 00:00:00,1.196,1.172,1.195
1563,BRL,2017-11-18 00:00:00,1.196,1.172,1.193
1564,BRL,2017-11-19 00:00:00,1.193,1.185,1.192
1565,BRL,2017-11-20 00:00:00,1.209,1.178,1.207
1566,BRL,2017-11-21 00:00:00,1.224,1.198,1.217
1567,BRL,2017-11-22 00:00:00,1.231,1.209,1.23
1568,BRL,2017-11-23 00:00:00,1.23,1.204,1.221
1569,BRL,2017-11-24 00:00:00,1.229,1.208,1.221
1570,BRL,2017-11-25 00:00:00,1.229,1.208,1.225
1571,BRL,2017-11-26 00:00:00,1.225,1.215,1.223
1572,BRL,2017-11-27 00:00:00,1.227,1.204,1.212
1573,BRL,2017-11-28 00:00:00,1.231,1.202,1.227
1574,BRL,2017-11-29 00:00:00,1.241,1.214,1.223
1575,BRL,2017-11-30 00:00:00,1.225,1.193,1.206
1576,BRL,2017-12-01 00:00:00,1.211,1.191,1.208
1577,BRL,2017-12-02 00:00:00,1.211,1.191,1.205
1578,BRL,2017-12-03 00:00:00,1.205,1.197,1.205
1579,BRL,2017-12-04 00:00:00,1.214,1.194,1.205
1580,BRL,2017-12-05 00:00:00,1.205,1.182,1.198
1581,BRL,2017-12-06 00:00:00,1.198,1.18,1.194
1582,BRL,2017-12-07 00:00:00,1.199,1.162,1.179
1583,BRL,2017-12-08 00:00:00,1.182,1.154,1.168
1584,BRL,2017-12-09 00:00:00,1.182,1.154,1.169
1585,BRL,2017-12-10 00:00:00,1.17,1.162,1.17
1586,BRL,2017-12-11 00:00:00,1.172,1.153,1.161
1587,BRL,2017-12-12 00:00:00,1.166,1.145,1.162
1588,BRL,2017-12-13 00:00:00,1.173,1.151,1.166
1589,BRL,2017-12-14 00:00:00,1.172,1.147,1.162
1590,BRL,2017-12-15 00:00:00,1.176,1.148,1.175
1591,BRL,2017-12-16 00:00:00,1.176,1.148,1.175
1592,BRL,2017-12-17 00:00:00,1.177,1.168,1.177
1593,BRL,2017-12-18 00:00:00,1.178,1.158,1.169
1594,BRL,2017-12-19 00:00:00,1.172,1.154,1.168
1595,BRL,2017-12-20 00:00:00,1.172,1.156,1.165
1596,BRL,2017-12-21 00:00:00,1.165,1.148,1.159
1597,BRL,2017-12-22 00:00:00,1.159,1.138,1.145
1598,BRL,2017-12-23 00:00:00,1.159,1.137,1.144
1599,BRL,2017-12-25 00:00:00,1.146,1.136,1.143
1600,BRL,2017-12-26 00:00:00,1.155,1.133,1.154
1601,BRL,2017-12-27 00:00:00,1.163,1.145,1.157
1602,BRL,2017-12-28 00:00:00,1.157,1.135,1.144
1603,BRL,2017-12-29 00:00:00,1.149,1.132,1.147
1604,BRL,2017-12-30 00:00:00,1.149,1.132,1.148
1605,BRL,2017-12-31 00:00:00,1.148,1.14,1.148
1606,BRL,2018-01-01 00:00:00,1.149,1.135,1.148
1607,BRL,2018-01-02 00:00:00,1.157,1.131,1.157
1608,BRL,2018-01-03 00:00:00,1.169,1.148,1.167
1609,BRL,2018-01-04 00:00:00,1.174,1.156,1.167
1610,BRL,2018-01-05 00:00:00,1.166,1.147,1.163
1611,BRL,2018-01-06 00:00:00,1.166,1.147,1.16
1612,BRL,2018-01-08 00:00:00,1.166,1.151,1.161
1613,BRL,2018-01-09 00:00:00,1.167,1.15,1.164
1614,BRL,2018-01-10 00:00:00,1.178,1.153,1.177
1615,BRL,2018-01-11 00:00:00,1.184,1.168,1.183
1616,BRL,2018-01-12 00:00:00,1.182,1.16,1.174
1617,BRL,2018-01-13 00:00:00,1.182,1.16,1.172
1618,BRL,2018-01-15 00:00:00,1.189,1.164,1.181
1619,BRL,2018-01-16 00:00:00,1.195,1.166,1.178
1620,BRL,2018-01-17 00:00:00,1.191,1.171,1.186
1621,BRL,2018-01-18 00:00:00,1.189,1.169,1.182
1622,BRL,2018-01-19 00:00:00,1.191,1.168,1.19
1623,BRL,2018-01-20 00:00:00,1.194,1.168,1.194
1624,BRL,2018-01-21 00:00:00,1.196,1.186,1.194
1625,BRL,2018-01-22 00:00:00,1.207,1.176,1.187
1626,BRL,2018-01-23 00:00:00,1.19,1.162,1.171
1627,BRL,2018-01-24 00:00:00,1.198,1.155,1.194
1628,BRL,2018-01-25 00:00:00,1.201,1.181,1.195
1629,BRL,2018-01-26 00:00:00,1.203,1.181,1.193
1630,BRL,2018-01-27 00:00:00,1.203,1.181,1.193
1631,BRL,2018-01-28 00:00:00,1.194,1.183,1.193
1632,BRL,2018-01-29 00:00:00,1.203,1.18,1.199
1633,BRL,2018-01-30 00:00:00,1.208,1.175,1.188
1634,BRL,2018-01-31 00:00:00,1.196,1.169,1.18
1635,BRL,2018-02-01 00:00:00,1.188,1.171,1.186
1636,BRL,2018-02-02 00:00:00,1.189,1.16,1.17
1637,BRL,2018-02-03 00:00:00,1.189,1.16,1.174
1638,BRL,2018-02-04 00:00:00,1.178,1.164,1.178
1639,BRL,2018-02-05 00:00:00,1.177,1.148,1.156
1640,BRL,2018-02-06 00:00:00,1.175,1.149,1.173
1641,BRL,2018-02-07 00:00:00,1.173,1.148,1.159
1642,BRL,2018-02-08 00:00:00,1.171,1.148,1.161
1643,BRL,2018-02-09 00:00:00,1.17,1.146,1.162
1644,BRL,2018-02-10 00:00:00,1.17,1.146,1.162
1645,BRL,2018-02-11 00:00:00,1.164,1.155,1.162
1646,BRL,2018-02-12 00:00:00,1.165,1.149,1.158
1647,BRL,2018-02-13 00:00:00,1.162,1.148,1.159
1648,BRL,2018-02-14 00:00:00,1.189,1.147,1.188
1649,BRL,2018-02-15 00:00:00,1.188,1.159,1.171
1650,BRL,2018-02-16 00:00:00,1.175,1.152,1.165
1651,BRL,2018-02-17 00:00:00,1.175,1.152,1.164
1652,BRL,2018-02-18 00:00:00,1.164,1.156,1.163
1653,BRL,2018-02-19 00:00:00,1.169,1.155,1.166
1654,BRL,2018-02-20 00:00:00,1.172,1.154,1.165
1655,BRL,2018-02-21 00:00:00,1.173,1.154,1.162
1656,BRL,2018-02-22 00:00:00,1.172,1.151,1.17
1657,BRL,2018-02-23 00:00:00,1.176,1.158,1.172
1658,BRL,2018-02-24 00:00:00,1.176,1.158,1.173
1659,BRL,2018-02-25 00:00:00,1.174,1.165,1.174
1660,BRL,2018-02-26 00:00:00,1.177,1.161,1.176
1661,BRL,2018-02-27 00:00:00,1.183,1.161,1.169
1662,BRL,2018-02-28 00:00:00,1.178,1.159,1.173
1663,BRL,2018-03-01 00:00:00,1.18,1.161,1.176
1664,BRL,2018-03-02 00:00:00,1.177,1.162,1.174
1665,BRL,2018-03-03 00:00:00,1.177,1.162,1.172
1666,BRL,2018-03-04 00:00:00,1.174,1.165,1.174
1667,BRL,2018-03-05 00:00:00,1.181,1.162,1.18
1668,BRL,2018-03-06 00:00:00,1.186,1.165,1.184
1669,BRL,2018-03-07 00:00:00,1.189,1.164,1.173
1670,BRL,2018-03-08 00:00:00,1.18,1.162,1.171
1671,BRL,2018-03-09 00:00:00,1.178,1.161,1.173
1672,BRL,2018-03-10 00:00:00,1.178,1.161,1.173
1673,BRL,2018-03-11 00:00:00,1.174,1.165,1.174
1674,BRL,2018-03-12 00:00:00,1.183,1.162,1.178
1675,BRL,2018-03-13 00:00:00,1.196,1.171,1.1909
1676,BRL,2018-03-14 00:00:00,1.199,1.1866,1.1927
1677,BRL,2018-03-15 00:00:00,1.1991,1.1855,1.1884
1678,BRL,2018-03-16 00:00:00,1.2018,1.1886,1.1983
1679,BRL,2018-03-17 00:00:00,1.1992,1.1992,1.1992
1680,BRL,2018-03-18 00:00:00,1.1992,1.1992,1.1992
1681,BRL,2018-03-19 00:00:00,1.2081,1.1969,1.2016
1682,BRL,2018-03-20 00:00:00,1.2067,1.191,1.1913
1683,BRL,2018-03-21 00:00:00,1.2021,1.1882,1.1976
1684,BRL,2018-03-22 00:00:00,1.2021,1.1906,1.1911
1685,BRL,2018-03-23 00:00:00,1.2212,1.1907,1.2056
1686,BRL,2018-03-24 00:00:00,1.2066,1.2066,1.2066
1687,BRL,2018-03-26 00:00:00,1.2148,1.1982,1.2012
1688,BRL,2018-03-27 00:00:00,1.2086,1.195,1.1998
1689,BRL,2018-03-28 00:00:00,1.2102,1.1977,1.2099
1690,BRL,2018-03-29 00:00:00,1.2118,1.1924,1.1956
1691,BRL,2018-03-30 00:00:00,1.2015,1.195,1.1991
1692,BRL,2018-03-31 00:00:00,1.2015,1.195,1.1991
1693,BRL,2018-04-01 00:00:00,1.1991,1.1991,1.1991
1694,BRL,2018-04-02 00:00:00,1.2035,1.1975,1.2012
1695,BRL,2018-04-03 00:00:00,1.2074,1.1954,1.1963
1696,BRL,2018-04-04 00:00:00,1.2077,1.1918,1.2042
1697,BRL,2018-04-05 00:00:00,1.2134,1.2134,1.2134
1698,BRL,2018-04-06 00:00:00,1.2024,1.2024,1.2024
1699,BRL,2018-04-07 00:00:00,1.2182,1.1986,1.2024
1700,BRL,2018-04-09 00:00:00,1.1924,1.1924,1.1924
1701,BRL,2018-04-10 00:00:00,1.2081,1.2081,1.2081
1702,BRL,2018-04-11 00:00:00,1.2285,1.2285,1.2285
1703,BRL,2018-04-12 00:00:00,1.2358,1.2045,1.206
1704,BRL,2018-04-13 00:00:00,1.2091,1.1959,1.1981
1705,BRL,2018-04-14 00:00:00,1.1993,1.1993,1.1993
1706,BRL,2018-04-16 00:00:00,1.2107,1.1948,1.2009
1707,BRL,2018-04-17 00:00:00,1.2126,1.1938,1.204
1708,BRL,2018-04-18 00:00:00,1.2122,1.1869,1.1879
1709,BRL,2018-04-19 00:00:00,1.1988,1.1864,1.1959
1710,BRL,2018-04-20 00:00:00,1.1992,1.1907,1.1952
1711,BRL,2018-04-21 00:00:00,1.1992,1.1907,1.1967
1712,BRL,2018-04-23 00:00:00,1.2044,1.1908,1.1919
1713,BRL,2018-04-24 00:00:00,1.1942,1.1769,1.1779
1714,BRL,2018-04-25 00:00:00,1.1857,1.1642,1.1733
1715,BRL,2018-04-26 00:00:00,1.1751,1.1626,1.1738
1716,BRL,2018-04-27 00:00:00,1.1761,1.1656,1.1708
1717,BRL,2018-04-28 00:00:00,1.1761,1.1656,1.1714
1718,BRL,2018-04-30 00:00:00,1.1761,1.1598,1.1602
1719,BRL,2018-05-01 00:00:00,1.1781,1.158,1.172
1720,BRL,2018-05-02 00:00:00,1.1909,1.169,1.1788
1721,BRL,2018-05-03 00:00:00,1.2012,1.1726,1.1965
1722,BRL,2018-05-04 00:00:00,1.2184,1.1965,1.2018
1723,BRL,2018-05-05 00:00:00,1.2184,1.1965,1.2012
1724,BRL,2018-05-06 00:00:00,1.2012,1.2012,1.2012
1725,BRL,2018-05-07 00:00:00,1.2125,1.1992,1.2054
1726,BRL,2018-05-08 00:00:00,1.2187,1.1976,1.2169
1727,BRL,2018-05-09 00:00:00,1.2301,1.1853,1.195
1728,BRL,2018-05-10 00:00:00,1.2021,1.1808,1.1955
1729,BRL,2018-05-11 00:00:00,1.214,1.193,1.1987
1730,BRL,2018-05-12 00:00:00,1.214,1.193,1.201
1731,BRL,2018-05-14 00:00:00,1.2116,1.1919,1.2077
1732,BRL,2018-05-15 00:00:00,1.2284,1.2028,1.2155
1733,BRL,2018-05-16 00:00:00,1.2346,1.1966,1.2041
1734,BRL,2018-05-17 00:00:00,1.2194,1.203,1.209
1735,BRL,2018-05-18 00:00:00,1.2167,1.1914,1.204
1736,BRL,2018-05-19 00:00:00,1.2167,1.1914,1.204
1737,BRL,2018-05-20 00:00:00,1.204,1.204,1.204
1738,BRL,2018-05-21 00:00:00,1.2468,1.2468,1.2468
1739,BRL,2018-05-22 00:00:00,1.2824,1.2824,1.2824
1740,BRL,2018-05-23 00:00:00,1.3535,1.255,1.2626
1741,BRL,2018-05-24 00:00:00,1.3228,1.2542,1.2937
1742,BRL,2018-05-25 00:00:00,1.3187,1.2846,1.2923
1743,BRL,2018-05-26 00:00:00,1.2907,1.2907,1.2907
1744,BRL,2018-05-28 00:00:00,1.2937,1.2271,1.2284
1745,BRL,2018-05-29 00:00:00,1.2433,1.2143,1.2212
1746,BRL,2018-05-30 00:00:00,1.2278,1.1941,1.2008
1747,BRL,2018-05-31 00:00:00,1.222,1.1988,1.2169
1748,BRL,2018-06-01 00:00:00,1.2464,1.2158,1.2386
1749,BRL,2018-06-02 00:00:00,1.2464,1.2158,1.2372
1750,BRL,2018-06-04 00:00:00,1.2449,1.2225,1.2285
1751,BRL,2018-06-05 00:00:00,1.2395,1.207,1.2086
1752,BRL,2018-06-06 00:00:00,1.2185,1.1838,1.1858
1753,BRL,2018-06-07 00:00:00,1.1949,1.1387,1.1504
1754,BRL,2018-06-08 00:00:00,1.2128,1.148,1.2079
1755,BRL,2018-06-09 00:00:00,1.2128,1.148,1.2089
1756,BRL,2018-06-11 00:00:00,1.2334,1.2055,1.2223
1757,BRL,2018-06-12 00:00:00,1.2482,1.2208,1.2369
1758,BRL,2018-06-13 00:00:00,1.2666,1.2349,1.2536
1759,BRL,2018-06-14 00:00:00,1.2703,1.2394,1.2407
1760,BRL,2018-06-15 00:00:00,1.2747,1.2417,1.2705
1761,BRL,2018-06-16 00:00:00,1.2747,1.2417,1.2703
1762,BRL,2018-06-18 00:00:00,1.2753,1.2567,1.2588
1763,BRL,2018-06-19 00:00:00,1.2769,1.2562,1.2701
1764,BRL,2018-06-20 00:00:00,1.2813,1.2548,1.2571
1765,BRL,2018-06-21 00:00:00,1.267,1.2468,1.258
1766,BRL,2018-06-22 00:00:00,1.2627,1.2353,1.2383
1767,BRL,2018-06-23 00:00:00,1.2627,1.2353,1.2392
1768,BRL,2018-06-25 00:00:00,1.2514,1.2013,1.2437
1769,BRL,2018-06-26 00:00:00,1.251,1.215,1.2158
1770,BRL,2018-06-27 00:00:00,1.2287,1.1944,1.2007
1771,BRL,2018-06-28 00:00:00,1.207,1.1887,1.1901
1772,BRL,2018-06-29 00:00:00,1.1994,1.1819,1.1852
1773,BRL,2018-06-30 00:00:00,1.1994,1.1819,1.1849
